# column   1     --> step : The current simulation time step.
# column   2     --> time{femtosecond} : The elapsed simulation time.
# column   3     --> conserved{electronvolt} : The value of the conserved energy quantity per bead.
# column   4     --> kinetic_md{electronvolt} : The kinetic energy of the (extended) classical system.
# column   5     --> potential{electronvolt} : The physical system potential energy.
# column   6     --> temperature{kelvin} : The current temperature, as obtained from the MD kinetic energy.
    0.00000000e+00     0.00000000e+00    -4.17485613e+03     1.55447379e-01    -4.17503882e+03     2.14656195e+02   
    2.00000000e+01     1.00000000e+01    -4.17485709e+03     2.56567712e-01    -4.17509888e+03     3.26413481e+02   
    4.00000000e+01     2.00000000e+01    -4.17485851e+03     3.70985110e-01    -4.17513953e+03     4.52866565e+02   
    6.00000000e+01     3.00000000e+01    -4.17485620e+03     2.54825181e-01    -4.17506946e+03     3.24487652e+02   
    8.00000000e+01     4.00000000e+01    -4.17485462e+03     2.23315934e-01    -4.17500793e+03     2.89663914e+02   
    1.00000000e+02     5.00000000e+01    -4.17485343e+03     1.49111138e-01    -4.17494775e+03     2.07653438e+02   
    1.20000000e+02     6.00000000e+01    -4.17485408e+03     2.05186795e-01    -4.17496704e+03     2.69627752e+02   
    1.40000000e+02     7.00000000e+01    -4.17485688e+03     2.69682766e-01    -4.17506213e+03     3.40908121e+02   
    1.60000000e+02     8.00000000e+01    -4.17485789e+03     2.87652206e-01    -4.17502502e+03     3.60767786e+02   
    1.80000000e+02     9.00000000e+01    -4.17485563e+03     3.31805489e-01    -4.17501184e+03     4.09565599e+02   
    2.00000000e+02     1.00000000e+02    -4.17485519e+03     1.95432844e-01    -4.17505017e+03     2.58847773e+02   
    2.20000000e+02     1.10000000e+02    -4.17485633e+03     1.45204417e-01    -4.17502576e+03     2.03335764e+02   
    2.40000000e+02     1.20000000e+02    -4.17485733e+03     1.84010662e-01    -4.17509534e+03     2.46224079e+02   
    2.60000000e+02     1.30000000e+02    -4.17485711e+03     1.84275339e-01    -4.17507043e+03     2.46516598e+02   
    2.80000000e+02     1.40000000e+02    -4.17485733e+03     1.65916210e-01    -4.17507166e+03     2.26226253e+02   
    3.00000000e+02     1.50000000e+02    -4.17485693e+03     1.57954039e-01    -4.17509387e+03     2.17426533e+02   
    3.20000000e+02     1.60000000e+02    -4.17485611e+03     1.13123950e-01    -4.17503101e+03     1.67880720e+02   
    3.40000000e+02     1.70000000e+02    -4.17485644e+03     1.79718068e-01    -4.17502600e+03     2.41479943e+02   
    3.60000000e+02     1.80000000e+02    -4.17485747e+03     2.80149197e-01    -4.17510095e+03     3.52475528e+02   
    3.80000000e+02     1.90000000e+02    -4.17485731e+03     4.20124066e-01    -4.17508081e+03     5.07174500e+02   
    4.00000000e+02     2.00000000e+02    -4.17485615e+03     2.92760967e-01    -4.17494104e+03     3.66413943e+02   
    4.20000000e+02     2.10000000e+02    -4.17485561e+03     1.96273653e-01    -4.17493054e+03     2.59777027e+02   
    4.40000000e+02     2.20000000e+02    -4.17485681e+03     3.20557692e-01    -4.17504980e+03     3.97134634e+02   
    4.60000000e+02     2.30000000e+02    -4.17485832e+03     4.31707996e-01    -4.17518506e+03     5.19976955e+02   
    4.80000000e+02     2.40000000e+02    -4.17485670e+03     3.84361665e-01    -4.17508240e+03     4.67650214e+02   
    5.00000000e+02     2.50000000e+02    -4.17485425e+03     3.57848259e-01    -4.17499622e+03     4.38347835e+02   
    5.20000000e+02     2.60000000e+02    -4.17485359e+03     3.18800400e-01    -4.17496069e+03     3.95192492e+02   
    5.40000000e+02     2.70000000e+02    -4.17485486e+03     3.14027703e-01    -4.17498560e+03     3.89917749e+02   
    5.60000000e+02     2.80000000e+02    -4.17485419e+03     2.37685246e-01    -4.17492029e+03     3.05544749e+02   
    5.80000000e+02     2.90000000e+02    -4.17485457e+03     2.99986251e-01    -4.17498328e+03     3.74399262e+02   
    6.00000000e+02     3.00000000e+02    -4.17485528e+03     3.66649219e-01    -4.17498560e+03     4.48074577e+02   
    6.20000000e+02     3.10000000e+02    -4.17485576e+03     2.75604493e-01    -4.17493689e+03     3.47452761e+02   
    6.40000000e+02     3.20000000e+02    -4.17485480e+03     3.38402228e-01    -4.17500403e+03     4.16856256e+02   
    6.60000000e+02     3.30000000e+02    -4.17485290e+03     3.79585529e-01    -4.17491406e+03     4.62371671e+02   
    6.80000000e+02     3.40000000e+02    -4.17485378e+03     2.93403738e-01    -4.17481934e+03     3.67124328e+02   
    7.00000000e+02     3.50000000e+02    -4.17485406e+03     3.99486591e-01    -4.17489392e+03     4.84366147e+02   
    7.20000000e+02     3.60000000e+02    -4.17485392e+03     4.94928603e-01    -4.17500476e+03     5.89847804e+02   
    7.40000000e+02     3.70000000e+02    -4.17485468e+03     2.96667403e-01    -4.17493262e+03     3.70731300e+02   
    7.60000000e+02     3.80000000e+02    -4.17485466e+03     2.75766708e-01    -4.17489050e+03     3.47632040e+02   
    7.80000000e+02     3.90000000e+02    -4.17485499e+03     3.28251406e-01    -4.17495020e+03     4.05637658e+02   
    8.00000000e+02     4.00000000e+02    -4.17485522e+03     3.80771438e-01    -4.17503259e+03     4.63682328e+02   
    8.20000000e+02     4.10000000e+02    -4.17485700e+03     2.87136420e-01    -4.17507751e+03     3.60197744e+02   
    8.40000000e+02     4.20000000e+02    -4.17485531e+03     3.32218457e-01    -4.17513660e+03     4.10022007e+02   
    8.60000000e+02     4.30000000e+02    -4.17485476e+03     3.27233672e-01    -4.17507458e+03     4.04512868e+02   
    8.80000000e+02     4.40000000e+02    -4.17485582e+03     3.20373355e-01    -4.17507593e+03     3.96930907e+02   
    9.00000000e+02     4.50000000e+02    -4.17485476e+03     2.34244359e-01    -4.17500366e+03     3.01741911e+02   
    9.20000000e+02     4.60000000e+02    -4.17485276e+03     1.98941996e-01    -4.17496423e+03     2.62726056e+02   
    9.40000000e+02     4.70000000e+02    -4.17485255e+03     2.57278107e-01    -4.17503210e+03     3.27198604e+02   
    9.60000000e+02     4.80000000e+02    -4.17485596e+03     3.27645312e-01    -4.17517456e+03     4.04967809e+02   
    9.80000000e+02     4.90000000e+02    -4.17485693e+03     3.49058785e-01    -4.17517749e+03     4.28633787e+02   
    1.00000000e+03     5.00000000e+02    -4.17485550e+03     3.03491265e-01    -4.17514380e+03     3.78272972e+02   
    1.02000000e+03     5.10000000e+02    -4.17485359e+03     1.89172484e-01    -4.17506458e+03     2.51928878e+02   
    1.04000000e+03     5.20000000e+02    -4.17485571e+03     1.99812008e-01    -4.17509497e+03     2.63687586e+02   
    1.06000000e+03     5.30000000e+02    -4.17485593e+03     3.14727344e-01    -4.17517822e+03     3.90690986e+02   
    1.08000000e+03     5.40000000e+02    -4.17485567e+03     2.64350879e-01    -4.17516663e+03     3.35015367e+02   
    1.10000000e+03     5.50000000e+02    -4.17485450e+03     1.54571364e-01    -4.17507520e+03     2.13688031e+02   
    1.12000000e+03     5.60000000e+02    -4.17485507e+03     1.82587474e-01    -4.17509607e+03     2.44651185e+02   
    1.14000000e+03     5.70000000e+02    -4.17485471e+03     1.95854638e-01    -4.17506311e+03     2.59313936e+02   
    1.16000000e+03     5.80000000e+02    -4.17485386e+03     2.13256076e-01    -4.17509961e+03     2.78545849e+02   
    1.18000000e+03     5.90000000e+02    -4.17485367e+03     1.75969328e-01    -4.17504797e+03     2.37336869e+02   
    1.20000000e+03     6.00000000e+02    -4.17485424e+03     2.81506815e-01    -4.17506433e+03     3.53975955e+02   
    1.22000000e+03     6.10000000e+02    -4.17485520e+03     2.83544938e-01    -4.17513953e+03     3.56228470e+02   
    1.24000000e+03     6.20000000e+02    -4.17485387e+03     2.12831853e-01    -4.17509155e+03     2.78077002e+02   
    1.26000000e+03     6.30000000e+02    -4.17485416e+03     2.19901947e-01    -4.17507471e+03     2.85890806e+02   
    1.28000000e+03     6.40000000e+02    -4.17485437e+03     2.26118688e-01    -4.17506494e+03     2.92761493e+02   
    1.30000000e+03     6.50000000e+02    -4.17485539e+03     2.76558690e-01    -4.17508240e+03     3.48507332e+02   
    1.32000000e+03     6.60000000e+02    -4.17485573e+03     2.70674955e-01    -4.17507214e+03     3.42004680e+02   
    1.34000000e+03     6.70000000e+02    -4.17485433e+03     1.73822925e-01    -4.17499121e+03     2.34964683e+02   
    1.36000000e+03     6.80000000e+02    -4.17485443e+03     2.29366158e-01    -4.17503247e+03     2.96350567e+02   
    1.38000000e+03     6.90000000e+02    -4.17485495e+03     2.12136907e-01    -4.17497241e+03     2.77308953e+02   
    1.40000000e+03     7.00000000e+02    -4.17485423e+03     1.46049971e-01    -4.17500269e+03     2.04270263e+02   
    1.42000000e+03     7.10000000e+02    -4.17485447e+03     2.10547788e-01    -4.17510388e+03     2.75552674e+02   
    1.44000000e+03     7.20000000e+02    -4.17485468e+03     2.92551030e-01    -4.17515356e+03     3.66181922e+02   
    1.46000000e+03     7.30000000e+02    -4.17485367e+03     2.42597771e-01    -4.17500293e+03     3.10974027e+02   
    1.48000000e+03     7.40000000e+02    -4.17485476e+03     2.45971708e-01    -4.17505164e+03     3.14702872e+02   
    1.50000000e+03     7.50000000e+02    -4.17485509e+03     3.01432443e-01    -4.17513989e+03     3.75997581e+02   
    1.52000000e+03     7.60000000e+02    -4.17485246e+03     2.06141403e-01    -4.17501355e+03     2.70682776e+02   
    1.54000000e+03     7.70000000e+02    -4.17485221e+03     1.16489796e-01    -4.17487939e+03     1.71600623e+02   
    1.56000000e+03     7.80000000e+02    -4.17485337e+03     3.00382504e-01    -4.17507153e+03     3.74837197e+02   
    1.58000000e+03     7.90000000e+02    -4.17485532e+03     3.31319157e-01    -4.17512244e+03     4.09028109e+02   
    1.60000000e+03     8.00000000e+02    -4.17485581e+03     3.34597795e-01    -4.17508826e+03     4.12651631e+02   
    1.62000000e+03     8.10000000e+02    -4.17485316e+03     3.15196590e-01    -4.17510815e+03     3.91209592e+02   
    1.64000000e+03     8.20000000e+02    -4.17485298e+03     2.58116250e-01    -4.17508008e+03     3.28124911e+02   
    1.66000000e+03     8.30000000e+02    -4.17485554e+03     2.77032188e-01    -4.17508813e+03     3.49030637e+02   
    1.68000000e+03     8.40000000e+02    -4.17485541e+03     2.75809212e-01    -4.17511829e+03     3.47679015e+02   
    1.70000000e+03     8.50000000e+02    -4.17485394e+03     2.82351009e-01    -4.17509497e+03     3.54908951e+02   
    1.72000000e+03     8.60000000e+02    -4.17485254e+03     2.32636863e-01    -4.17504114e+03     2.99965321e+02   
    1.74000000e+03     8.70000000e+02    -4.17485323e+03     2.49100298e-01    -4.17501941e+03     3.18160562e+02   
    1.76000000e+03     8.80000000e+02    -4.17485616e+03     3.14821625e-01    -4.17522412e+03     3.90795184e+02   
    1.78000000e+03     8.90000000e+02    -4.17485589e+03     2.56999986e-01    -4.17517737e+03     3.26891226e+02   
    1.80000000e+03     9.00000000e+02    -4.17485400e+03     1.59731416e-01    -4.17505811e+03     2.19390874e+02   
    1.82000000e+03     9.10000000e+02    -4.17485540e+03     1.49926160e-01    -4.17506897e+03     2.08554193e+02   
    1.84000000e+03     9.20000000e+02    -4.17485608e+03     3.09912021e-01    -4.17517822e+03     3.85369134e+02   
    1.86000000e+03     9.30000000e+02    -4.17485477e+03     2.43494297e-01    -4.17510083e+03     3.11964861e+02   
    1.88000000e+03     9.40000000e+02    -4.17485462e+03     1.71733432e-01    -4.17503149e+03     2.32655395e+02   
    1.90000000e+03     9.50000000e+02    -4.17485594e+03     2.93533150e-01    -4.17517603e+03     3.67267353e+02   
    1.92000000e+03     9.60000000e+02    -4.17485521e+03     2.18017127e-01    -4.17510571e+03     2.83807720e+02   
    1.94000000e+03     9.70000000e+02    -4.17485535e+03     1.17215902e-01    -4.17499536e+03     1.72403109e+02   
    1.96000000e+03     9.80000000e+02    -4.17485357e+03     1.59041916e-01    -4.17501428e+03     2.18628845e+02   
    1.98000000e+03     9.90000000e+02    -4.17485427e+03     2.42577906e-01    -4.17510925e+03     3.10952073e+02   
    2.00000000e+03     1.00000000e+03    -4.17485621e+03     2.67488224e-01    -4.17515234e+03     3.38482733e+02   
    2.02000000e+03     1.01000000e+03    -4.17485596e+03     2.76267740e-01    -4.17518286e+03     3.48185776e+02   
    2.04000000e+03     1.02000000e+03    -4.17485600e+03     2.49184767e-01    -4.17521191e+03     3.18253916e+02   
    2.06000000e+03     1.03000000e+03    -4.17485685e+03     2.05477411e-01    -4.17520117e+03     2.69948938e+02   
    2.08000000e+03     1.04000000e+03    -4.17485590e+03     2.23354349e-01    -4.17518701e+03     2.89706370e+02   
    2.10000000e+03     1.05000000e+03    -4.17485470e+03     1.49082662e-01    -4.17517261e+03     2.07621966e+02   
    2.12000000e+03     1.06000000e+03    -4.17485650e+03     2.11563255e-01    -4.17519116e+03     2.76674958e+02   
    2.14000000e+03     1.07000000e+03    -4.17485706e+03     2.10817379e-01    -4.17519080e+03     2.75850622e+02   
    2.16000000e+03     1.08000000e+03    -4.17485613e+03     2.03496475e-01    -4.17518970e+03     2.67759626e+02   
    2.18000000e+03     1.09000000e+03    -4.17485591e+03     1.30202805e-01    -4.17518054e+03     1.86756118e+02   
    2.20000000e+03     1.10000000e+03    -4.17485593e+03     1.98362898e-01    -4.17518030e+03     2.62086042e+02   
    2.22000000e+03     1.11000000e+03    -4.17485748e+03     3.00267151e-01    -4.17522827e+03     3.74709710e+02   
    2.24000000e+03     1.12000000e+03    -4.17485655e+03     2.46393079e-01    -4.17518774e+03     3.15168568e+02   
    2.26000000e+03     1.13000000e+03    -4.17485564e+03     1.55470060e-01    -4.17511328e+03     2.14681261e+02   
    2.28000000e+03     1.14000000e+03    -4.17485488e+03     1.44249013e-01    -4.17508044e+03     2.02279861e+02   
    2.30000000e+03     1.15000000e+03    -4.17485512e+03     1.36065227e-01    -4.17511328e+03     1.93235214e+02   
    2.32000000e+03     1.16000000e+03    -4.17485686e+03     2.17001434e-01    -4.17519092e+03     2.82685186e+02   
    2.34000000e+03     1.17000000e+03    -4.17485707e+03     2.28215680e-01    -4.17518323e+03     2.95079069e+02   
    2.36000000e+03     1.18000000e+03    -4.17485453e+03     1.02165316e-01    -4.17505359e+03     1.55769335e+02   
    2.38000000e+03     1.19000000e+03    -4.17485482e+03     1.60149879e-01    -4.17510754e+03     2.19853356e+02   
    2.40000000e+03     1.20000000e+03    -4.17485698e+03     1.60986568e-01    -4.17515613e+03     2.20778057e+02   
    2.42000000e+03     1.21000000e+03    -4.17485765e+03     1.62939063e-01    -4.17517603e+03     2.22935937e+02   
    2.44000000e+03     1.22000000e+03    -4.17485662e+03     1.60656008e-01    -4.17514453e+03     2.20412725e+02   
    2.46000000e+03     1.23000000e+03    -4.17485683e+03     2.52366094e-01    -4.17517944e+03     3.21769891e+02   
    2.48000000e+03     1.24000000e+03    -4.17485742e+03     2.61554259e-01    -4.17519604e+03     3.31924568e+02   
    2.50000000e+03     1.25000000e+03    -4.17485617e+03     1.81641771e-01    -4.17509814e+03     2.43606003e+02   
    2.52000000e+03     1.26000000e+03    -4.17485526e+03     1.35687159e-01    -4.17506445e+03     1.92817376e+02   
    2.54000000e+03     1.27000000e+03    -4.17485554e+03     1.39891761e-01    -4.17510815e+03     1.97464265e+02   
    2.56000000e+03     1.28000000e+03    -4.17485563e+03     1.86664106e-01    -4.17510425e+03     2.49156642e+02   
    2.58000000e+03     1.29000000e+03    -4.17485550e+03     1.55959952e-01    -4.17506335e+03     2.15222686e+02   
    2.60000000e+03     1.30000000e+03    -4.17485660e+03     2.93911234e-01    -4.17514160e+03     3.67685207e+02   
    2.62000000e+03     1.31000000e+03    -4.17485474e+03     2.17663888e-01    -4.17499036e+03     2.83417323e+02   
    2.64000000e+03     1.32000000e+03    -4.17485284e+03     1.92132738e-01    -4.17496753e+03     2.55200525e+02   
    2.66000000e+03     1.33000000e+03    -4.17485352e+03     2.71753792e-01    -4.17502588e+03     3.43197001e+02   
    2.68000000e+03     1.34000000e+03    -4.17485556e+03     3.45322642e-01    -4.17506531e+03     4.24504636e+02   
    2.70000000e+03     1.35000000e+03    -4.17485570e+03     4.35073808e-01    -4.17514319e+03     5.23696820e+02   
    2.72000000e+03     1.36000000e+03    -4.17485387e+03     2.86677275e-01    -4.17501917e+03     3.59690301e+02   
    2.74000000e+03     1.37000000e+03    -4.17485281e+03     1.60698200e-01    -4.17494666e+03     2.20459355e+02   
    2.76000000e+03     1.38000000e+03    -4.17485436e+03     3.02867515e-01    -4.17509412e+03     3.77583609e+02   
    2.78000000e+03     1.39000000e+03    -4.17485716e+03     2.85668445e-01    -4.17513782e+03     3.58575351e+02   
    2.80000000e+03     1.40000000e+03    -4.17485653e+03     2.40462228e-01    -4.17512134e+03     3.08613844e+02   
    2.82000000e+03     1.41000000e+03    -4.17485551e+03     2.40806941e-01    -4.17514929e+03     3.08994819e+02   
    2.84000000e+03     1.42000000e+03    -4.17485584e+03     2.12103687e-01    -4.17514526e+03     2.77272239e+02   
    2.86000000e+03     1.43000000e+03    -4.17485718e+03     2.21678078e-01    -4.17522693e+03     2.87853770e+02   
    2.88000000e+03     1.44000000e+03    -4.17485554e+03     1.47706634e-01    -4.17508252e+03     2.06101193e+02   
    2.90000000e+03     1.45000000e+03    -4.17485716e+03     2.08116083e-01    -4.17514221e+03     2.72865174e+02   
    2.92000000e+03     1.46000000e+03    -4.17485686e+03     2.16712737e-01    -4.17519666e+03     2.82366120e+02   
    2.94000000e+03     1.47000000e+03    -4.17485517e+03     2.16783142e-01    -4.17509473e+03     2.82443931e+02   
    2.96000000e+03     1.48000000e+03    -4.17485402e+03     1.36325847e-01    -4.17501111e+03     1.93523248e+02   
    2.98000000e+03     1.49000000e+03    -4.17485525e+03     2.42425508e-01    -4.17512683e+03     3.10783644e+02   
    3.00000000e+03     1.50000000e+03    -4.17485795e+03     3.09982617e-01    -4.17518518e+03     3.85447156e+02   
    3.02000000e+03     1.51000000e+03    -4.17485485e+03     2.21339013e-01    -4.17509082e+03     2.87479038e+02   
    3.04000000e+03     1.52000000e+03    -4.17485111e+03     1.90242748e-01    -4.17500110e+03     2.53111725e+02   
    3.06000000e+03     1.53000000e+03    -4.17485610e+03     3.11079977e-01    -4.17514624e+03     3.86659948e+02   
    3.08000000e+03     1.54000000e+03    -4.17485673e+03     3.28620576e-01    -4.17520203e+03     4.06045661e+02   
    3.10000000e+03     1.55000000e+03    -4.17485503e+03     2.18292605e-01    -4.17513562e+03     2.84112176e+02   
    3.12000000e+03     1.56000000e+03    -4.17485435e+03     1.69291939e-01    -4.17508301e+03     2.29957078e+02   
    3.14000000e+03     1.57000000e+03    -4.17485498e+03     1.77299973e-01    -4.17513513e+03     2.38807486e+02   
    3.16000000e+03     1.58000000e+03    -4.17485679e+03     2.96329173e-01    -4.17518774e+03     3.70357492e+02   
    3.18000000e+03     1.59000000e+03    -4.17485750e+03     2.24129985e-01    -4.17511658e+03     2.90563596e+02   
    3.20000000e+03     1.60000000e+03    -4.17485472e+03     1.47827661e-01    -4.17505371e+03     2.06234951e+02   
    3.22000000e+03     1.61000000e+03    -4.17485551e+03     2.48197939e-01    -4.17512952e+03     3.17163283e+02   
    3.24000000e+03     1.62000000e+03    -4.17485825e+03     2.43847088e-01    -4.17518164e+03     3.12354761e+02   
    3.26000000e+03     1.63000000e+03    -4.17485706e+03     2.06751172e-01    -4.17516077e+03     2.71356687e+02   
    3.28000000e+03     1.64000000e+03    -4.17485679e+03     1.86936066e-01    -4.17513721e+03     2.49457209e+02   
    3.30000000e+03     1.65000000e+03    -4.17485647e+03     2.48184420e-01    -4.17514099e+03     3.17148342e+02   
    3.32000000e+03     1.66000000e+03    -4.17485692e+03     1.92182891e-01    -4.17516187e+03     2.55255954e+02   
    3.34000000e+03     1.67000000e+03    -4.17485746e+03     2.25948561e-01    -4.17519238e+03     2.92573470e+02   
    3.36000000e+03     1.68000000e+03    -4.17485753e+03     2.97827010e-01    -4.17520508e+03     3.72012889e+02   
    3.38000000e+03     1.69000000e+03    -4.17485848e+03     2.85016676e-01    -4.17520288e+03     3.57855021e+02   
    3.40000000e+03     1.70000000e+03    -4.17485631e+03     2.24326410e-01    -4.17512341e+03     2.90780683e+02   
    3.42000000e+03     1.71000000e+03    -4.17485593e+03     3.03095524e-01    -4.17515100e+03     3.77835603e+02   
    3.44000000e+03     1.72000000e+03    -4.17485810e+03     3.22690250e-01    -4.17517944e+03     3.99491518e+02   
    3.46000000e+03     1.73000000e+03    -4.17485783e+03     2.48033546e-01    -4.17512939e+03     3.16981597e+02   
    3.48000000e+03     1.74000000e+03    -4.17485689e+03     1.75648384e-01    -4.17515710e+03     2.36982164e+02   
    3.50000000e+03     1.75000000e+03    -4.17485694e+03     1.27344597e-01    -4.17519336e+03     1.83597252e+02   
    3.52000000e+03     1.76000000e+03    -4.17485841e+03     1.27473481e-01    -4.17521008e+03     1.83739693e+02   
    3.54000000e+03     1.77000000e+03    -4.17485880e+03     1.28868726e-01    -4.17522314e+03     1.85281706e+02   
    3.56000000e+03     1.78000000e+03    -4.17485863e+03     1.28641192e-01    -4.17520715e+03     1.85030237e+02   
    3.58000000e+03     1.79000000e+03    -4.17485862e+03     9.28128403e-02    -4.17516736e+03     1.45433063e+02   
    3.60000000e+03     1.80000000e+03    -4.17485911e+03     1.71589435e-01    -4.17521252e+03     2.32496250e+02   
    3.62000000e+03     1.81000000e+03    -4.17485912e+03     1.49490256e-01    -4.17517651e+03     2.08072435e+02   
    3.64000000e+03     1.82000000e+03    -4.17485795e+03     1.77515938e-01    -4.17516138e+03     2.39046168e+02   
    3.66000000e+03     1.83000000e+03    -4.17485833e+03     1.85342667e-01    -4.17517419e+03     2.47696199e+02   
    3.68000000e+03     1.84000000e+03    -4.17485870e+03     1.21985041e-01    -4.17514453e+03     1.77673919e+02   
    3.70000000e+03     1.85000000e+03    -4.17485851e+03     2.14136767e-01    -4.17516321e+03     2.79519181e+02   
    3.72000000e+03     1.86000000e+03    -4.17485859e+03     1.97763637e-01    -4.17515417e+03     2.61423744e+02   
    3.74000000e+03     1.87000000e+03    -4.17485853e+03     1.83256538e-01    -4.17516223e+03     2.45390628e+02   
    3.76000000e+03     1.88000000e+03    -4.17485845e+03     1.95113639e-01    -4.17512866e+03     2.58494990e+02   
    3.78000000e+03     1.89000000e+03    -4.17485845e+03     2.00052151e-01    -4.17508838e+03     2.63952989e+02   
    3.80000000e+03     1.90000000e+03    -4.17485854e+03     3.29366911e-01    -4.17515845e+03     4.06870505e+02   
    3.82000000e+03     1.91000000e+03    -4.17485854e+03     3.47682408e-01    -4.17519604e+03     4.27112627e+02   
    3.84000000e+03     1.92000000e+03    -4.17485684e+03     3.30533830e-01    -4.17505884e+03     4.08160173e+02   
    3.86000000e+03     1.93000000e+03    -4.17485596e+03     2.82931869e-01    -4.17497449e+03     3.55550911e+02   
    3.88000000e+03     1.94000000e+03    -4.17485624e+03     3.65722724e-01    -4.17506128e+03     4.47050623e+02   
    3.90000000e+03     1.95000000e+03    -4.17485665e+03     3.64185493e-01    -4.17508020e+03     4.45351690e+02   
    3.92000000e+03     1.96000000e+03    -4.17485748e+03     3.07439286e-01    -4.17502869e+03     3.82636290e+02   
    3.94000000e+03     1.97000000e+03    -4.17485651e+03     3.24566778e-01    -4.17511377e+03     4.01565440e+02   
    3.96000000e+03     1.98000000e+03    -4.17485604e+03     2.14624045e-01    -4.17505078e+03     2.80057716e+02   
    3.98000000e+03     1.99000000e+03    -4.17485759e+03     2.93617818e-01    -4.17511340e+03     3.67360927e+02   
    4.00000000e+03     2.00000000e+03    -4.17485890e+03     3.04911860e-01    -4.17519031e+03     3.79843001e+02   
    4.02000000e+03     2.01000000e+03    -4.17485735e+03     2.97405097e-01    -4.17515051e+03     3.71546593e+02   
    4.04000000e+03     2.02000000e+03    -4.17485650e+03     2.86023535e-01    -4.17511633e+03     3.58967793e+02   
    4.06000000e+03     2.03000000e+03    -4.17485806e+03     2.73990908e-01    -4.17514648e+03     3.45669441e+02   
    4.08000000e+03     2.04000000e+03    -4.17485853e+03     2.66576314e-01    -4.17515137e+03     3.37474899e+02   
    4.10000000e+03     2.05000000e+03    -4.17485680e+03     1.99503145e-01    -4.17511829e+03     2.63346233e+02   
    4.12000000e+03     2.06000000e+03    -4.17485689e+03     2.13303793e-01    -4.17508337e+03     2.78598585e+02   
    4.14000000e+03     2.07000000e+03    -4.17485811e+03     2.14671326e-01    -4.17509509e+03     2.80109970e+02   
    4.16000000e+03     2.08000000e+03    -4.17485871e+03     2.26426945e-01    -4.17517773e+03     2.93102175e+02   
    4.18000000e+03     2.09000000e+03    -4.17485871e+03     2.01061041e-01    -4.17516150e+03     2.65068006e+02   
    4.20000000e+03     2.10000000e+03    -4.17485864e+03     1.45356538e-01    -4.17505530e+03     2.03503887e+02   
    4.22000000e+03     2.11000000e+03    -4.17485868e+03     1.61935388e-01    -4.17505066e+03     2.21826684e+02   
    4.24000000e+03     2.12000000e+03    -4.17485840e+03     1.22126211e-01    -4.17512195e+03     1.77829938e+02   
    4.26000000e+03     2.13000000e+03    -4.17485812e+03     1.56532712e-01    -4.17511523e+03     2.15855695e+02   
    4.28000000e+03     2.14000000e+03    -4.17485900e+03     1.86117398e-01    -4.17513293e+03     2.48552425e+02   
    4.30000000e+03     2.15000000e+03    -4.17485849e+03     1.60048319e-01    -4.17509424e+03     2.19741113e+02   
    4.32000000e+03     2.16000000e+03    -4.17485806e+03     2.14298260e-01    -4.17510010e+03     2.79697661e+02   
    4.34000000e+03     2.17000000e+03    -4.17485901e+03     2.52792686e-01    -4.17514404e+03     3.22241356e+02   
    4.36000000e+03     2.18000000e+03    -4.17485885e+03     1.82764190e-01    -4.17504297e+03     2.44846490e+02   
    4.38000000e+03     2.19000000e+03    -4.17485810e+03     1.97506234e-01    -4.17499524e+03     2.61139265e+02   
    4.40000000e+03     2.20000000e+03    -4.17485712e+03     2.58658575e-01    -4.17509949e+03     3.28724284e+02   
    4.42000000e+03     2.21000000e+03    -4.17485764e+03     2.70858969e-01    -4.17508069e+03     3.42208051e+02   
    4.44000000e+03     2.22000000e+03    -4.17485793e+03     3.49682352e-01    -4.17511633e+03     4.29322948e+02   
    4.46000000e+03     2.23000000e+03    -4.17485767e+03     3.80610266e-01    -4.17512500e+03     4.63504202e+02   
    4.48000000e+03     2.24000000e+03    -4.17485728e+03     2.82146603e-01    -4.17505029e+03     3.54683043e+02   
    4.50000000e+03     2.25000000e+03    -4.17485678e+03     2.84175069e-01    -4.17504602e+03     3.56924885e+02   
    4.52000000e+03     2.26000000e+03    -4.17485623e+03     2.64093952e-01    -4.17507410e+03     3.34731415e+02   
    4.54000000e+03     2.27000000e+03    -4.17485647e+03     2.07699436e-01    -4.17505115e+03     2.72404700e+02   
    4.56000000e+03     2.28000000e+03    -4.17485812e+03     3.08135243e-01    -4.17515125e+03     3.83405455e+02   
    4.58000000e+03     2.29000000e+03    -4.17485786e+03     2.31736676e-01    -4.17508484e+03     2.98970443e+02   
    4.60000000e+03     2.30000000e+03    -4.17485572e+03     2.10899097e-01    -4.17505676e+03     2.75940937e+02   
    4.62000000e+03     2.31000000e+03    -4.17485738e+03     1.88105729e-01    -4.17511121e+03     2.50749910e+02   
    4.64000000e+03     2.32000000e+03    -4.17485825e+03     2.01028500e-01    -4.17507031e+03     2.65032042e+02   
    4.66000000e+03     2.33000000e+03    -4.17485681e+03     1.59642380e-01    -4.17509753e+03     2.19292472e+02   
    4.68000000e+03     2.34000000e+03    -4.17485653e+03     7.64173209e-02    -4.17503198e+03     1.27312882e+02   
    4.70000000e+03     2.35000000e+03    -4.17485772e+03     1.75954910e-01    -4.17511780e+03     2.37320935e+02   
    4.72000000e+03     2.36000000e+03    -4.17485787e+03     2.14298619e-01    -4.17513623e+03     2.79698058e+02   
    4.74000000e+03     2.37000000e+03    -4.17485663e+03     2.11384422e-01    -4.17510339e+03     2.76477313e+02   
    4.76000000e+03     2.38000000e+03    -4.17485723e+03     2.06470237e-01    -4.17512073e+03     2.71046201e+02   
    4.78000000e+03     2.39000000e+03    -4.17485821e+03     2.00327570e-01    -4.17508276e+03     2.64257380e+02   
    4.80000000e+03     2.40000000e+03    -4.17485885e+03     2.10920539e-01    -4.17513147e+03     2.75964635e+02   
    4.82000000e+03     2.41000000e+03    -4.17485743e+03     2.29865204e-01    -4.17516199e+03     2.96902108e+02   
    4.84000000e+03     2.42000000e+03    -4.17485580e+03     8.01006838e-02    -4.17502429e+03     1.31383701e+02   
    4.86000000e+03     2.43000000e+03    -4.17485827e+03     8.36436383e-02    -4.17502759e+03     1.35299343e+02   
    4.88000000e+03     2.44000000e+03    -4.17485817e+03     2.26043554e-01    -4.17509729e+03     2.92678455e+02   
    4.90000000e+03     2.45000000e+03    -4.17485636e+03     1.57557098e-01    -4.17503577e+03     2.16987837e+02   
    4.92000000e+03     2.46000000e+03    -4.17485553e+03     9.99152586e-02    -4.17495520e+03     1.53282592e+02   
    4.94000000e+03     2.47000000e+03    -4.17485623e+03     2.13731763e-01    -4.17499988e+03     2.79071574e+02   
    4.96000000e+03     2.48000000e+03    -4.17485758e+03     2.60322220e-01    -4.17513672e+03     3.30562929e+02   
    4.98000000e+03     2.49000000e+03    -4.17485634e+03     2.13643365e-01    -4.17505481e+03     2.78973877e+02   
    5.00000000e+03     2.50000000e+03    -4.17485539e+03     1.53321212e-01    -4.17502454e+03     2.12306374e+02   
    5.02000000e+03     2.51000000e+03    -4.17485555e+03     2.25428743e-01    -4.17510522e+03     2.91998972e+02   
    5.04000000e+03     2.52000000e+03    -4.17485868e+03     2.62834259e-01    -4.17514136e+03     3.33339213e+02   
    5.06000000e+03     2.53000000e+03    -4.17485852e+03     2.12211821e-01    -4.17509521e+03     2.77391748e+02   
    5.08000000e+03     2.54000000e+03    -4.17485505e+03     1.99286138e-01    -4.17502576e+03     2.63106398e+02   
    5.10000000e+03     2.55000000e+03    -4.17485740e+03     2.15831685e-01    -4.17502014e+03     2.81392389e+02   
    5.12000000e+03     2.56000000e+03    -4.17485875e+03     1.94523416e-01    -4.17501892e+03     2.57842681e+02   
    5.14000000e+03     2.57000000e+03    -4.17485649e+03     3.59125751e-01    -4.17511328e+03     4.39759708e+02   
    5.16000000e+03     2.58000000e+03    -4.17485651e+03     2.31507068e-01    -4.17504443e+03     2.98716682e+02   
    5.18000000e+03     2.59000000e+03    -4.17485864e+03     3.40597633e-01    -4.17509082e+03     4.19282598e+02   
    5.20000000e+03     2.60000000e+03    -4.17485890e+03     2.96669110e-01    -4.17512903e+03     3.70733187e+02   
    5.22000000e+03     2.61000000e+03    -4.17485835e+03     2.60827168e-01    -4.17514758e+03     3.31120995e+02   
    5.24000000e+03     2.62000000e+03    -4.17485773e+03     2.91518145e-01    -4.17516272e+03     3.65040387e+02   
    5.26000000e+03     2.63000000e+03    -4.17485759e+03     2.10194827e-01    -4.17508325e+03     2.75162584e+02   
    5.28000000e+03     2.64000000e+03    -4.17485709e+03     1.45501650e-01    -4.17500781e+03     2.03664264e+02   
    5.30000000e+03     2.65000000e+03    -4.17485771e+03     1.79854120e-01    -4.17509277e+03     2.41630306e+02   
    5.32000000e+03     2.66000000e+03    -4.17485891e+03     2.38418309e-01    -4.17515759e+03     3.06354923e+02   
    5.34000000e+03     2.67000000e+03    -4.17485929e+03     3.03827995e-01    -4.17520337e+03     3.78645123e+02   
    5.36000000e+03     2.68000000e+03    -4.17485838e+03     2.86621706e-01    -4.17517249e+03     3.59628886e+02   
    5.38000000e+03     2.69000000e+03    -4.17485790e+03     1.56700252e-01    -4.17504333e+03     2.16040859e+02   
    5.40000000e+03     2.70000000e+03    -4.17485848e+03     1.97421122e-01    -4.17505493e+03     2.61045200e+02   
    5.42000000e+03     2.71000000e+03    -4.17485912e+03     2.60350387e-01    -4.17512073e+03     3.30594060e+02   
    5.44000000e+03     2.72000000e+03    -4.17485916e+03     2.14862369e-01    -4.17506555e+03     2.80321110e+02   
    5.46000000e+03     2.73000000e+03    -4.17485824e+03     1.78600261e-01    -4.17500745e+03     2.40244553e+02   
    5.48000000e+03     2.74000000e+03    -4.17485822e+03     2.22987219e-01    -4.17505994e+03     2.89300621e+02   
    5.50000000e+03     2.75000000e+03    -4.17485881e+03     1.75385286e-01    -4.17505640e+03     2.36691391e+02   
    5.52000000e+03     2.76000000e+03    -4.17485852e+03     2.57793059e-01    -4.17504639e+03     3.27767724e+02   
    5.54000000e+03     2.77000000e+03    -4.17485898e+03     2.55659777e-01    -4.17503625e+03     3.25410040e+02   
    5.56000000e+03     2.78000000e+03    -4.17485820e+03     2.92671029e-01    -4.17501270e+03     3.66314544e+02   
    5.58000000e+03     2.79000000e+03    -4.17485903e+03     2.12968542e-01    -4.17502368e+03     2.78228069e+02   
    5.60000000e+03     2.80000000e+03    -4.17485885e+03     3.06396562e-01    -4.17510376e+03     3.81483880e+02   
    5.62000000e+03     2.81000000e+03    -4.17485823e+03     2.44099510e-01    -4.17509949e+03     3.12633736e+02   
    5.64000000e+03     2.82000000e+03    -4.17485890e+03     1.75288792e-01    -4.17508838e+03     2.36584747e+02   
    5.66000000e+03     2.83000000e+03    -4.17485859e+03     2.38205227e-01    -4.17512109e+03     3.06119427e+02   
    5.68000000e+03     2.84000000e+03    -4.17485715e+03     1.56929525e-01    -4.17498279e+03     2.16294249e+02   
    5.70000000e+03     2.85000000e+03    -4.17485698e+03     2.25370320e-01    -4.17502917e+03     2.91934403e+02   
    5.72000000e+03     2.86000000e+03    -4.17485741e+03     1.98045888e-01    -4.17495532e+03     2.61735685e+02   
    5.74000000e+03     2.87000000e+03    -4.17485889e+03     3.39456921e-01    -4.17513184e+03     4.18021894e+02   
    5.76000000e+03     2.88000000e+03    -4.17485912e+03     3.09560411e-01    -4.17516870e+03     3.84980538e+02   
    5.78000000e+03     2.89000000e+03    -4.17485926e+03     2.94088409e-01    -4.17518103e+03     3.67881019e+02   
    5.80000000e+03     2.90000000e+03    -4.17485883e+03     2.52729732e-01    -4.17519385e+03     3.22171780e+02   
    5.82000000e+03     2.91000000e+03    -4.17485746e+03     2.05651262e-01    -4.17512671e+03     2.70141077e+02   
    5.84000000e+03     2.92000000e+03    -4.17485847e+03     2.31160303e-01    -4.17516711e+03     2.98333441e+02   
    5.86000000e+03     2.93000000e+03    -4.17485930e+03     2.56895665e-01    -4.17514783e+03     3.26775932e+02   
    5.88000000e+03     2.94000000e+03    -4.17485890e+03     1.83486262e-01    -4.17515076e+03     2.45644517e+02   
    5.90000000e+03     2.95000000e+03    -4.17485801e+03     1.40792659e-01    -4.17510681e+03     1.98459929e+02   
    5.92000000e+03     2.96000000e+03    -4.17485818e+03     2.09726441e-01    -4.17513696e+03     2.74644928e+02   
    5.94000000e+03     2.97000000e+03    -4.17485917e+03     1.22358747e-01    -4.17512732e+03     1.78086935e+02   
    5.96000000e+03     2.98000000e+03    -4.17485935e+03     1.20543811e-01    -4.17512158e+03     1.76081083e+02   
    5.98000000e+03     2.99000000e+03    -4.17485866e+03     1.89738345e-01    -4.17513586e+03     2.52554264e+02   
    6.00000000e+03     3.00000000e+03    -4.17485797e+03     2.16478077e-01    -4.17512183e+03     2.82106776e+02   
    6.02000000e+03     3.01000000e+03    -4.17485794e+03     1.99453600e-01    -4.17513062e+03     2.63291477e+02   
    6.04000000e+03     3.02000000e+03    -4.17485841e+03     1.42035023e-01    -4.17513330e+03     1.99832979e+02   
    6.06000000e+03     3.03000000e+03    -4.17485858e+03     1.87419200e-01    -4.17514490e+03     2.49991165e+02   
    6.08000000e+03     3.04000000e+03    -4.17485820e+03     1.93060280e-01    -4.17515967e+03     2.56225637e+02   
    6.10000000e+03     3.05000000e+03    -4.17485802e+03     1.54482613e-01    -4.17515161e+03     2.13589944e+02   
    6.12000000e+03     3.06000000e+03    -4.17485769e+03     1.68775354e-01    -4.17519263e+03     2.29386153e+02   
    6.14000000e+03     3.07000000e+03    -4.17485818e+03     2.36253373e-01    -4.17520251e+03     3.03962256e+02   
    6.16000000e+03     3.08000000e+03    -4.17485948e+03     2.14743036e-01    -4.17520764e+03     2.80189223e+02   
    6.18000000e+03     3.09000000e+03    -4.17485918e+03     2.01394959e-01    -4.17520935e+03     2.65437048e+02   
    6.20000000e+03     3.10000000e+03    -4.17485778e+03     1.65631429e-01    -4.17519922e+03     2.25911515e+02   
    6.22000000e+03     3.11000000e+03    -4.17485668e+03     1.67528134e-01    -4.17513000e+03     2.28007737e+02   
    6.24000000e+03     3.12000000e+03    -4.17485909e+03     1.96390493e-01    -4.17517590e+03     2.59906157e+02   
    6.26000000e+03     3.13000000e+03    -4.17485909e+03     2.00636751e-01    -4.17520740e+03     2.64599084e+02   
    6.28000000e+03     3.14000000e+03    -4.17485786e+03     1.91151978e-01    -4.17515051e+03     2.54116598e+02   
    6.30000000e+03     3.15000000e+03    -4.17485856e+03     1.62225896e-01    -4.17517346e+03     2.22147751e+02   
    6.32000000e+03     3.16000000e+03    -4.17485870e+03     2.06362622e-01    -4.17520190e+03     2.70927266e+02   
    6.34000000e+03     3.17000000e+03    -4.17485882e+03     2.83088579e-01    -4.17522119e+03     3.55724107e+02   
    6.36000000e+03     3.18000000e+03    -4.17485709e+03     2.53920167e-01    -4.17512573e+03     3.23487438e+02   
    6.38000000e+03     3.19000000e+03    -4.17485601e+03     1.15142436e-01    -4.17504712e+03     1.70111532e+02   
    6.40000000e+03     3.20000000e+03    -4.17485800e+03     2.03514910e-01    -4.17519153e+03     2.67780000e+02   
    6.42000000e+03     3.21000000e+03    -4.17485949e+03     1.81526542e-01    -4.17523694e+03     2.43478652e+02   
    6.44000000e+03     3.22000000e+03    -4.17485949e+03     1.82927736e-01    -4.17514856e+03     2.45027239e+02   
    6.46000000e+03     3.23000000e+03    -4.17485815e+03     1.50476417e-01    -4.17507263e+03     2.09162332e+02   
    6.48000000e+03     3.24000000e+03    -4.17485789e+03     1.78284609e-01    -4.17512268e+03     2.39895697e+02   
    6.50000000e+03     3.25000000e+03    -4.17485834e+03     1.87131122e-01    -4.17511963e+03     2.49672784e+02   
    6.52000000e+03     3.26000000e+03    -4.17485930e+03     1.75765648e-01    -4.17505786e+03     2.37111764e+02   
    6.54000000e+03     3.27000000e+03    -4.17485976e+03     1.71038963e-01    -4.17507812e+03     2.31887873e+02   
    6.56000000e+03     3.28000000e+03    -4.17485924e+03     2.71863752e-01    -4.17515454e+03     3.43318527e+02   
    6.58000000e+03     3.29000000e+03    -4.17485925e+03     2.73556335e-01    -4.17508801e+03     3.45189155e+02   
    6.60000000e+03     3.30000000e+03    -4.17485904e+03     1.89027078e-01    -4.17502759e+03     2.51768177e+02   
    6.62000000e+03     3.31000000e+03    -4.17485947e+03     3.22333573e-01    -4.17513708e+03     3.99097322e+02   
    6.64000000e+03     3.32000000e+03    -4.17485911e+03     3.57389863e-01    -4.17515479e+03     4.37841220e+02   
    6.66000000e+03     3.33000000e+03    -4.17485872e+03     1.82847181e-01    -4.17508398e+03     2.44938211e+02   
    6.68000000e+03     3.34000000e+03    -4.17485883e+03     2.78144161e-01    -4.17515906e+03     3.50259579e+02   
    6.70000000e+03     3.35000000e+03    -4.17485953e+03     2.81516002e-01    -4.17514355e+03     3.53986108e+02   
    6.72000000e+03     3.36000000e+03    -4.17485952e+03     2.17878172e-01    -4.17507874e+03     2.83654148e+02   
    6.74000000e+03     3.37000000e+03    -4.17485969e+03     3.09965599e-01    -4.17514319e+03     3.85428348e+02   
    6.76000000e+03     3.38000000e+03    -4.17485924e+03     2.22019132e-01    -4.17512585e+03     2.88230700e+02   
    6.78000000e+03     3.39000000e+03    -4.17485875e+03     1.23777735e-01    -4.17504810e+03     1.79655188e+02   
    6.80000000e+03     3.40000000e+03    -4.17485974e+03     1.88868114e-01    -4.17512354e+03     2.51592492e+02   
    6.82000000e+03     3.41000000e+03    -4.17485937e+03     2.18964072e-01    -4.17512048e+03     2.84854275e+02   
    6.84000000e+03     3.42000000e+03    -4.17485949e+03     1.93475735e-01    -4.17513647e+03     2.56684793e+02   
    6.86000000e+03     3.43000000e+03    -4.17485921e+03     1.17426169e-01    -4.17503625e+03     1.72635494e+02   
    6.88000000e+03     3.44000000e+03    -4.17485918e+03     1.44822174e-01    -4.17501160e+03     2.02913313e+02   
    6.90000000e+03     3.45000000e+03    -4.17485974e+03     2.63076970e-01    -4.17517468e+03     3.33607455e+02   
    6.92000000e+03     3.46000000e+03    -4.17485947e+03     1.59683315e-01    -4.17511279e+03     2.19337713e+02   
    6.94000000e+03     3.47000000e+03    -4.17485977e+03     1.75576881e-01    -4.17512927e+03     2.36903140e+02   
    6.96000000e+03     3.48000000e+03    -4.17486009e+03     1.85679805e-01    -4.17517883e+03     2.48068801e+02   
    6.98000000e+03     3.49000000e+03    -4.17486020e+03     1.77349067e-01    -4.17514453e+03     2.38861744e+02   
    7.00000000e+03     3.50000000e+03    -4.17486036e+03     2.11358324e-01    -4.17521045e+03     2.76448470e+02   
    7.02000000e+03     3.51000000e+03    -4.17485982e+03     2.06395634e-01    -4.17520508e+03     2.70963750e+02   
    7.04000000e+03     3.52000000e+03    -4.17486011e+03     2.37916944e-01    -4.17519666e+03     3.05800819e+02   
    7.06000000e+03     3.53000000e+03    -4.17485929e+03     1.57644609e-01    -4.17510974e+03     2.17084554e+02   
    7.08000000e+03     3.54000000e+03    -4.17485972e+03     2.14013390e-01    -4.17519177e+03     2.79382826e+02   
    7.10000000e+03     3.55000000e+03    -4.17485744e+03     2.43317123e-01    -4.17511536e+03     3.11769049e+02   
    7.12000000e+03     3.56000000e+03    -4.17485917e+03     1.84188392e-01    -4.17511902e+03     2.46420505e+02   
    7.14000000e+03     3.57000000e+03    -4.17485911e+03     1.94551560e-01    -4.17514148e+03     2.57873785e+02   
    7.16000000e+03     3.58000000e+03    -4.17485852e+03     1.76520000e-01    -4.17514722e+03     2.37945467e+02   
    7.18000000e+03     3.59000000e+03    -4.17485867e+03     1.53017261e-01    -4.17514795e+03     2.11970450e+02   
    7.20000000e+03     3.60000000e+03    -4.17486009e+03     1.90892575e-01    -4.17525256e+03     2.53829908e+02   
    7.22000000e+03     3.61000000e+03    -4.17486023e+03     1.84942842e-01    -4.17522974e+03     2.47254316e+02   
    7.24000000e+03     3.62000000e+03    -4.17485959e+03     1.40554524e-01    -4.17519458e+03     1.98196744e+02   
    7.26000000e+03     3.63000000e+03    -4.17485933e+03     1.18114764e-01    -4.17518054e+03     1.73396523e+02   
    7.28000000e+03     3.64000000e+03    -4.17485936e+03     9.85481364e-02    -4.17517627e+03     1.51771661e+02   
    7.30000000e+03     3.65000000e+03    -4.17485959e+03     1.17966845e-01    -4.17519006e+03     1.73233044e+02   
    7.32000000e+03     3.66000000e+03    -4.17485986e+03     1.10607424e-01    -4.17520581e+03     1.65099478e+02   
    7.34000000e+03     3.67000000e+03    -4.17485989e+03     1.33631559e-01    -4.17518958e+03     1.90545545e+02   
    7.36000000e+03     3.68000000e+03    -4.17485886e+03     1.61389886e-01    -4.17515295e+03     2.21223801e+02   
    7.38000000e+03     3.69000000e+03    -4.17485741e+03     1.12598273e-01    -4.17508020e+03     1.67299746e+02   
    7.40000000e+03     3.70000000e+03    -4.17485769e+03     1.11474813e-01    -4.17508777e+03     1.66058108e+02   
    7.42000000e+03     3.71000000e+03    -4.17485888e+03     1.32371516e-01    -4.17511157e+03     1.89152957e+02   
    7.44000000e+03     3.72000000e+03    -4.17485922e+03     2.17965515e-01    -4.17513342e+03     2.83750679e+02   
    7.46000000e+03     3.73000000e+03    -4.17485950e+03     2.09969480e-01    -4.17514111e+03     2.74913533e+02   
    7.48000000e+03     3.74000000e+03    -4.17485927e+03     1.97873256e-01    -4.17513452e+03     2.61544894e+02   
    7.50000000e+03     3.75000000e+03    -4.17485853e+03     2.80876184e-01    -4.17518115e+03     3.53278987e+02   
    7.52000000e+03     3.76000000e+03    -4.17485847e+03     2.56762224e-01    -4.17512537e+03     3.26628454e+02   
    7.54000000e+03     3.77000000e+03    -4.17485848e+03     2.20586564e-01    -4.17504468e+03     2.86647439e+02   
    7.56000000e+03     3.78000000e+03    -4.17485761e+03     1.95374429e-01    -4.17504553e+03     2.58783212e+02   
    7.58000000e+03     3.79000000e+03    -4.17485694e+03     2.75314409e-01    -4.17510022e+03     3.47132163e+02   
    7.60000000e+03     3.80000000e+03    -4.17485769e+03     1.99852059e-01    -4.17510303e+03     2.63731849e+02   
    7.62000000e+03     3.81000000e+03    -4.17485811e+03     1.94205790e-01    -4.17508289e+03     2.57491643e+02   
    7.64000000e+03     3.82000000e+03    -4.17485807e+03     2.51045180e-01    -4.17513330e+03     3.20310028e+02   
    7.66000000e+03     3.83000000e+03    -4.17485698e+03     1.62123448e-01    -4.17510498e+03     2.22034527e+02   
    7.68000000e+03     3.84000000e+03    -4.17485793e+03     2.05437227e-01    -4.17516357e+03     2.69904527e+02   
    7.70000000e+03     3.85000000e+03    -4.17485856e+03     1.98513688e-01    -4.17520483e+03     2.62252694e+02   
    7.72000000e+03     3.86000000e+03    -4.17485726e+03     1.99981102e-01    -4.17512451e+03     2.63874467e+02   
    7.74000000e+03     3.87000000e+03    -4.17485787e+03     1.80017600e-01    -4.17507678e+03     2.41810983e+02   
    7.76000000e+03     3.88000000e+03    -4.17485859e+03     1.62057211e-01    -4.17509497e+03     2.21961322e+02   
    7.78000000e+03     3.89000000e+03    -4.17485802e+03     2.26642702e-01    -4.17512744e+03     2.93340628e+02   
    7.80000000e+03     3.90000000e+03    -4.17485911e+03     2.95367566e-01    -4.17515857e+03     3.69294732e+02   
    7.82000000e+03     3.91000000e+03    -4.17485883e+03     2.70522800e-01    -4.17515527e+03     3.41836520e+02   
    7.84000000e+03     3.92000000e+03    -4.17485780e+03     1.22203758e-01    -4.17502686e+03     1.77915642e+02   
    7.86000000e+03     3.93000000e+03    -4.17485783e+03     8.59675214e-02    -4.17500635e+03     1.37867678e+02   
    7.88000000e+03     3.94000000e+03    -4.17485822e+03     1.94706629e-01    -4.17512524e+03     2.58045166e+02   
    7.90000000e+03     3.95000000e+03    -4.17485819e+03     2.80171674e-01    -4.17511682e+03     3.52500369e+02   
    7.92000000e+03     3.96000000e+03    -4.17485736e+03     1.56504951e-01    -4.17503699e+03     2.15825014e+02   
    7.94000000e+03     3.97000000e+03    -4.17485705e+03     2.35697820e-01    -4.17507983e+03     3.03348263e+02   
    7.96000000e+03     3.98000000e+03    -4.17485642e+03     2.87883016e-01    -4.17506897e+03     3.61022875e+02   
    7.98000000e+03     3.99000000e+03    -4.17485690e+03     2.26848084e-01    -4.17507300e+03     2.93567614e+02   
    8.00000000e+03     4.00000000e+03    -4.17485728e+03     2.35921610e-01    -4.17503809e+03     3.03595595e+02   
    8.02000000e+03     4.01000000e+03    -4.17485688e+03     2.03857195e-01    -4.17501489e+03     2.68158290e+02   
    8.04000000e+03     4.02000000e+03    -4.17485706e+03     2.11404140e-01    -4.17508240e+03     2.76499106e+02   
    8.06000000e+03     4.03000000e+03    -4.17485753e+03     2.14262239e-01    -4.17508179e+03     2.79657851e+02   
    8.08000000e+03     4.04000000e+03    -4.17485714e+03     1.29478039e-01    -4.17502222e+03     1.85955113e+02   
    8.10000000e+03     4.05000000e+03    -4.17485701e+03     1.72348453e-01    -4.17509729e+03     2.33335111e+02   
    8.12000000e+03     4.06000000e+03    -4.17485706e+03     1.67455761e-01    -4.17511816e+03     2.27927751e+02   
    8.14000000e+03     4.07000000e+03    -4.17485867e+03     1.98563775e-01    -4.17514685e+03     2.62308050e+02   
    8.16000000e+03     4.08000000e+03    -4.17485918e+03     2.45994339e-01    -4.17520483e+03     3.14727884e+02   
    8.18000000e+03     4.09000000e+03    -4.17485856e+03     2.35397077e-01    -4.17518909e+03     3.03015885e+02   
    8.20000000e+03     4.10000000e+03    -4.17485750e+03     2.46563213e-01    -4.17510071e+03     3.15356599e+02   
    8.22000000e+03     4.11000000e+03    -4.17485643e+03     2.15949256e-01    -4.17504382e+03     2.81522327e+02   
    8.24000000e+03     4.12000000e+03    -4.17485740e+03     1.91007127e-01    -4.17507373e+03     2.53956509e+02   
    8.26000000e+03     4.13000000e+03    -4.17485848e+03     2.15076218e-01    -4.17507727e+03     2.80557454e+02   
    8.28000000e+03     4.14000000e+03    -4.17485700e+03     1.95796849e-01    -4.17508667e+03     2.59250068e+02   
    8.30000000e+03     4.15000000e+03    -4.17485610e+03     1.85254819e-01    -4.17506177e+03     2.47599110e+02   
    8.32000000e+03     4.16000000e+03    -4.17485602e+03     1.28029334e-01    -4.17501709e+03     1.84354017e+02   
    8.34000000e+03     4.17000000e+03    -4.17485651e+03     1.36855982e-01    -4.17507617e+03     1.94109149e+02   
    8.36000000e+03     4.18000000e+03    -4.17485811e+03     2.96126231e-01    -4.17511670e+03     3.70133202e+02   
    8.38000000e+03     4.19000000e+03    -4.17485765e+03     1.72480884e-01    -4.17507642e+03     2.33481472e+02   
    8.40000000e+03     4.20000000e+03    -4.17485769e+03     1.94195114e-01    -4.17512439e+03     2.57479844e+02   
    8.42000000e+03     4.21000000e+03    -4.17485758e+03     1.90467126e-01    -4.17512744e+03     2.53359705e+02   
    8.44000000e+03     4.22000000e+03    -4.17485719e+03     1.68203469e-01    -4.17509558e+03     2.28754111e+02   
    8.46000000e+03     4.23000000e+03    -4.17485924e+03     2.44896086e-01    -4.17517041e+03     3.13514105e+02   
    8.48000000e+03     4.24000000e+03    -4.17485886e+03     2.30624698e-01    -4.17520374e+03     2.97741494e+02   
    8.50000000e+03     4.25000000e+03    -4.17485807e+03     1.95578412e-01    -4.17517432e+03     2.59008653e+02   
    8.52000000e+03     4.26000000e+03    -4.17485859e+03     1.83524707e-01    -4.17518652e+03     2.45687006e+02   
    8.54000000e+03     4.27000000e+03    -4.17485862e+03     1.50237505e-01    -4.17515820e+03     2.08898288e+02   
    8.56000000e+03     4.28000000e+03    -4.17485865e+03     2.18324942e-01    -4.17519360e+03     2.84147915e+02   
    8.58000000e+03     4.29000000e+03    -4.17485772e+03     1.90797308e-01    -4.17516650e+03     2.53724619e+02   
    8.60000000e+03     4.30000000e+03    -4.17485788e+03     1.92350376e-01    -4.17514014e+03     2.55441056e+02   
    8.62000000e+03     4.31000000e+03    -4.17485763e+03     2.38357445e-01    -4.17516125e+03     3.06287658e+02   
    8.64000000e+03     4.32000000e+03    -4.17485842e+03     2.87388550e-01    -4.17518311e+03     3.60476395e+02   
    8.66000000e+03     4.33000000e+03    -4.17485823e+03     2.03680074e-01    -4.17516589e+03     2.67962538e+02   
    8.68000000e+03     4.34000000e+03    -4.17485663e+03     2.22303577e-01    -4.17514783e+03     2.88545066e+02   
    8.70000000e+03     4.35000000e+03    -4.17485775e+03     1.86462867e-01    -4.17517358e+03     2.48934234e+02   
    8.72000000e+03     4.36000000e+03    -4.17485672e+03     1.32988486e-01    -4.17512134e+03     1.89834827e+02   
    8.74000000e+03     4.37000000e+03    -4.17485775e+03     1.58227089e-01    -4.17509302e+03     2.17728305e+02   
    8.76000000e+03     4.38000000e+03    -4.17485871e+03     2.75882038e-01    -4.17516089e+03     3.47759502e+02   
    8.78000000e+03     4.39000000e+03    -4.17485781e+03     2.51722960e-01    -4.17511914e+03     3.21059105e+02   
    8.80000000e+03     4.40000000e+03    -4.17485732e+03     2.90129214e-01    -4.17514246e+03     3.63505353e+02   
    8.82000000e+03     4.41000000e+03    -4.17485780e+03     2.18431244e-01    -4.17508203e+03     2.84265398e+02   
    8.84000000e+03     4.42000000e+03    -4.17485795e+03     2.21303313e-01    -4.17508740e+03     2.87439584e+02   
    8.86000000e+03     4.43000000e+03    -4.17485761e+03     1.84769383e-01    -4.17506213e+03     2.47062611e+02   
    8.88000000e+03     4.44000000e+03    -4.17485776e+03     2.27364181e-01    -4.17513538e+03     2.94138001e+02   
    8.90000000e+03     4.45000000e+03    -4.17485774e+03     2.64111600e-01    -4.17511169e+03     3.34750919e+02   
    8.92000000e+03     4.46000000e+03    -4.17485857e+03     2.84070937e-01    -4.17514026e+03     3.56809799e+02   
    8.94000000e+03     4.47000000e+03    -4.17485790e+03     3.45119540e-01    -4.17517847e+03     4.24280169e+02   
    8.96000000e+03     4.48000000e+03    -4.17485589e+03     2.56701443e-01    -4.17509412e+03     3.26561279e+02   
    8.98000000e+03     4.49000000e+03    -4.17485614e+03     2.13205373e-01    -4.17507715e+03     2.78489812e+02   
    9.00000000e+03     4.50000000e+03    -4.17485706e+03     2.40494662e-01    -4.17512952e+03     3.08649690e+02   
    9.02000000e+03     4.51000000e+03    -4.17485740e+03     3.41791565e-01    -4.17518372e+03     4.20602121e+02   
    9.04000000e+03     4.52000000e+03    -4.17485644e+03     3.32060344e-01    -4.17514478e+03     4.09847263e+02   
    9.06000000e+03     4.53000000e+03    -4.17485413e+03     1.98257135e-01    -4.17504736e+03     2.61969154e+02   
    9.08000000e+03     4.54000000e+03    -4.17485578e+03     2.42142390e-01    -4.17507837e+03     3.10470745e+02   
    9.10000000e+03     4.55000000e+03    -4.17485774e+03     2.43794112e-01    -4.17514160e+03     3.12296213e+02   
    9.12000000e+03     4.56000000e+03    -4.17485800e+03     2.42515196e-01    -4.17517529e+03     3.10882766e+02   
    9.14000000e+03     4.57000000e+03    -4.17485778e+03     2.63482867e-01    -4.17517029e+03     3.34056049e+02   
    9.16000000e+03     4.58000000e+03    -4.17485755e+03     2.41829648e-01    -4.17510754e+03     3.10125105e+02   
    9.18000000e+03     4.59000000e+03    -4.17485676e+03     1.66717265e-01    -4.17502368e+03     2.27111571e+02   
    9.20000000e+03     4.60000000e+03    -4.17485717e+03     1.94467572e-01    -4.17504504e+03     2.57780963e+02   
    9.22000000e+03     4.61000000e+03    -4.17485741e+03     2.95479170e-01    -4.17507593e+03     3.69418076e+02   
    9.24000000e+03     4.62000000e+03    -4.17485833e+03     3.15981657e-01    -4.17517188e+03     3.92077242e+02   
    9.26000000e+03     4.63000000e+03    -4.17485699e+03     2.18468301e-01    -4.17509570e+03     2.84306353e+02   
    9.28000000e+03     4.64000000e+03    -4.17485611e+03     1.44685351e-01    -4.17504041e+03     2.02762098e+02   
    9.30000000e+03     4.65000000e+03    -4.17485680e+03     1.47173519e-01    -4.17510193e+03     2.05511998e+02   
    9.32000000e+03     4.66000000e+03    -4.17485810e+03     1.85987756e-01    -4.17512854e+03     2.48409146e+02   
    9.34000000e+03     4.67000000e+03    -4.17485830e+03     2.29077004e-01    -4.17514001e+03     2.96030997e+02   
    9.36000000e+03     4.68000000e+03    -4.17485601e+03     1.73296147e-01    -4.17513281e+03     2.34382493e+02   
    9.38000000e+03     4.69000000e+03    -4.17485643e+03     1.24985733e-01    -4.17511365e+03     1.80990256e+02   
    9.40000000e+03     4.70000000e+03    -4.17485792e+03     1.75355681e-01    -4.17517456e+03     2.36658671e+02   
    9.42000000e+03     4.71000000e+03    -4.17485782e+03     1.46175204e-01    -4.17514587e+03     2.04408670e+02   
    9.44000000e+03     4.72000000e+03    -4.17485687e+03     1.53947655e-01    -4.17511548e+03     2.12998713e+02   
    9.46000000e+03     4.73000000e+03    -4.17485648e+03     1.63449216e-01    -4.17511938e+03     2.23499753e+02   
    9.48000000e+03     4.74000000e+03    -4.17485682e+03     1.26519494e-01    -4.17510291e+03     1.82685355e+02   
    9.50000000e+03     4.75000000e+03    -4.17485758e+03     1.91856416e-01    -4.17512427e+03     2.54895136e+02   
    9.52000000e+03     4.76000000e+03    -4.17485772e+03     1.77544564e-01    -4.17514893e+03     2.39077806e+02   
    9.54000000e+03     4.77000000e+03    -4.17485740e+03     2.04049986e-01    -4.17514197e+03     2.68371361e+02   
    9.56000000e+03     4.78000000e+03    -4.17485708e+03     2.31294345e-01    -4.17513086e+03     2.98481583e+02   
    9.58000000e+03     4.79000000e+03    -4.17485704e+03     1.88105264e-01    -4.17516003e+03     2.50749397e+02   
    9.60000000e+03     4.80000000e+03    -4.17485736e+03     1.96470735e-01    -4.17520471e+03     2.59994840e+02   
    9.62000000e+03     4.81000000e+03    -4.17485802e+03     1.99204879e-01    -4.17518811e+03     2.63016591e+02   
    9.64000000e+03     4.82000000e+03    -4.17485751e+03     1.89503999e-01    -4.17509412e+03     2.52295267e+02   
    9.66000000e+03     4.83000000e+03    -4.17485690e+03     2.44917481e-01    -4.17511523e+03     3.13537751e+02   
    9.68000000e+03     4.84000000e+03    -4.17485703e+03     3.18819343e-01    -4.17512585e+03     3.95213426e+02   
    9.70000000e+03     4.85000000e+03    -4.17485683e+03     3.09353901e-01    -4.17509607e+03     3.84752305e+02   
    9.72000000e+03     4.86000000e+03    -4.17485618e+03     2.03125790e-01    -4.17496631e+03     2.67349948e+02   
    9.74000000e+03     4.87000000e+03    -4.17485690e+03     3.12538834e-01    -4.17500098e+03     3.88272264e+02   
    9.76000000e+03     4.88000000e+03    -4.17485708e+03     4.18586465e-01    -4.17500134e+03     5.05475156e+02   
    9.78000000e+03     4.89000000e+03    -4.17485503e+03     2.89501310e-01    -4.17495959e+03     3.62811400e+02   
    9.80000000e+03     4.90000000e+03    -4.17485156e+03     2.48696926e-01    -4.17485864e+03     3.17714759e+02   
    9.82000000e+03     4.91000000e+03    -4.17485421e+03     4.16646299e-01    -4.17507227e+03     5.03330903e+02   
    9.84000000e+03     4.92000000e+03    -4.17485596e+03     4.53171376e-01    -4.17515479e+03     5.43698091e+02   
    9.86000000e+03     4.93000000e+03    -4.17485536e+03     3.19228425e-01    -4.17508667e+03     3.95665540e+02   
    9.88000000e+03     4.94000000e+03    -4.17485563e+03     2.74830414e-01    -4.17510400e+03     3.46597256e+02   
    9.90000000e+03     4.95000000e+03    -4.17485280e+03     2.73080452e-01    -4.17507129e+03     3.44663214e+02   
    9.92000000e+03     4.96000000e+03    -4.17485416e+03     1.91806978e-01    -4.17499719e+03     2.54840498e+02   
    9.94000000e+03     4.97000000e+03    -4.17485521e+03     2.36703988e-01    -4.17506116e+03     3.04460272e+02   
    9.96000000e+03     4.98000000e+03    -4.17485510e+03     2.10383452e-01    -4.17510022e+03     2.75371050e+02   
    9.98000000e+03     4.99000000e+03    -4.17485641e+03     2.27267296e-01    -4.17517175e+03     2.94030923e+02   
    1.00000000e+04     5.00000000e+03    -4.17485652e+03     1.86176472e-01    -4.17519763e+03     2.48617713e+02   
    1.00200000e+04     5.01000000e+03    -4.17485463e+03     1.75867998e-01    -4.17515649e+03     2.37224880e+02   
    1.00400000e+04     5.02000000e+03    -4.17485475e+03     2.06024115e-01    -4.17511499e+03     2.70553151e+02   
    1.00600000e+04     5.03000000e+03    -4.17485650e+03     2.50565230e-01    -4.17516943e+03     3.19779592e+02   
    1.00800000e+04     5.04000000e+03    -4.17485755e+03     2.09757015e-01    -4.17517847e+03     2.74678718e+02   
    1.01000000e+04     5.05000000e+03    -4.17485700e+03     1.57460585e-01    -4.17513318e+03     2.16881172e+02   
    1.01200000e+04     5.06000000e+03    -4.17485533e+03     1.15836397e-01    -4.17507190e+03     1.70878492e+02   
    1.01400000e+04     5.07000000e+03    -4.17485442e+03     8.75620668e-02    -4.17506848e+03     1.39629955e+02   
    1.01600000e+04     5.08000000e+03    -4.17485638e+03     1.53284748e-01    -4.17517590e+03     2.12266075e+02   
    1.01800000e+04     5.09000000e+03    -4.17485722e+03     1.60374805e-01    -4.17518115e+03     2.20101941e+02   
    1.02000000e+04     5.10000000e+03    -4.17485708e+03     1.57968962e-01    -4.17521484e+03     2.17443026e+02   
    1.02200000e+04     5.11000000e+03    -4.17485606e+03     1.51331979e-01    -4.17520312e+03     2.10107891e+02   
    1.02400000e+04     5.12000000e+03    -4.17485642e+03     1.10938905e-01    -4.17517578e+03     1.65465827e+02   
    1.02600000e+04     5.13000000e+03    -4.17485722e+03     2.23557934e-01    -4.17521289e+03     2.89931370e+02   
    1.02800000e+04     5.14000000e+03    -4.17485698e+03     2.43064206e-01    -4.17518518e+03     3.11489527e+02   
    1.03000000e+04     5.15000000e+03    -4.17485721e+03     2.14521325e-01    -4.17520203e+03     2.79944191e+02   
    1.03200000e+04     5.16000000e+03    -4.17485726e+03     2.48953156e-01    -4.17521716e+03     3.17997943e+02   
    1.03400000e+04     5.17000000e+03    -4.17485719e+03     1.80785253e-01    -4.17517688e+03     2.42659386e+02   
    1.03600000e+04     5.18000000e+03    -4.17485682e+03     2.50209183e-01    -4.17518018e+03     3.19386092e+02   
    1.03800000e+04     5.19000000e+03    -4.17485605e+03     2.68944325e-01    -4.17515845e+03     3.40092003e+02   
    1.04000000e+04     5.20000000e+03    -4.17485634e+03     2.19648112e-01    -4.17513562e+03     2.85610270e+02   
    1.04200000e+04     5.21000000e+03    -4.17485700e+03     2.11264714e-01    -4.17516394e+03     2.76345014e+02   
    1.04400000e+04     5.22000000e+03    -4.17485734e+03     2.65704188e-01    -4.17521045e+03     3.36511033e+02   
    1.04600000e+04     5.23000000e+03    -4.17485661e+03     2.14684092e-01    -4.17518408e+03     2.80124079e+02   
    1.04800000e+04     5.24000000e+03    -4.17485599e+03     1.79552238e-01    -4.17512280e+03     2.41296669e+02   
    1.05000000e+04     5.25000000e+03    -4.17485661e+03     2.51854510e-01    -4.17515137e+03     3.21204493e+02   
    1.05200000e+04     5.26000000e+03    -4.17485677e+03     2.94846866e-01    -4.17517615e+03     3.68719260e+02   
    1.05400000e+04     5.27000000e+03    -4.17485596e+03     2.93390906e-01    -4.17507202e+03     3.67110146e+02   
    1.05600000e+04     5.28000000e+03    -4.17485605e+03     3.22766110e-01    -4.17507886e+03     3.99575358e+02   
    1.05800000e+04     5.29000000e+03    -4.17485613e+03     2.26658307e-01    -4.17506384e+03     2.93357875e+02   
    1.06000000e+04     5.30000000e+03    -4.17485663e+03     4.11717063e-01    -4.17513281e+03     4.97883155e+02   
    1.06200000e+04     5.31000000e+03    -4.17485601e+03     3.22624977e-01    -4.17506445e+03     3.99419380e+02   
    1.06400000e+04     5.32000000e+03    -4.17485435e+03     1.22462580e-01    -4.17492847e+03     1.78201690e+02   
    1.06600000e+04     5.33000000e+03    -4.17485540e+03     2.18644621e-01    -4.17507214e+03     2.84501221e+02   
    1.06800000e+04     5.34000000e+03    -4.17485638e+03     3.42900493e-01    -4.17517297e+03     4.21827698e+02   
    1.07000000e+04     5.35000000e+03    -4.17485673e+03     2.97729423e-01    -4.17511414e+03     3.71905036e+02   
    1.07200000e+04     5.36000000e+03    -4.17485555e+03     1.95278649e-01    -4.17499207e+03     2.58677358e+02   
    1.07400000e+04     5.37000000e+03    -4.17485479e+03     2.60216696e-01    -4.17506189e+03     3.30446305e+02   
    1.07600000e+04     5.38000000e+03    -4.17485461e+03     2.63344379e-01    -4.17509741e+03     3.33902993e+02   
    1.07800000e+04     5.39000000e+03    -4.17485488e+03     1.92409002e-01    -4.17505249e+03     2.55505850e+02   
    1.08000000e+04     5.40000000e+03    -4.17485570e+03     2.93415342e-01    -4.17510608e+03     3.67137152e+02   
    1.08200000e+04     5.41000000e+03    -4.17485638e+03     3.43531119e-01    -4.17509741e+03     4.22524660e+02   
    1.08400000e+04     5.42000000e+03    -4.17485627e+03     2.05387779e-01    -4.17501892e+03     2.69849877e+02   
    1.08600000e+04     5.43000000e+03    -4.17485590e+03     2.15262967e-01    -4.17505872e+03     2.80763846e+02   
    1.08800000e+04     5.44000000e+03    -4.17485618e+03     2.75592964e-01    -4.17513586e+03     3.47440019e+02   
    1.09000000e+04     5.45000000e+03    -4.17485667e+03     2.00882776e-01    -4.17512463e+03     2.64870988e+02   
    1.09200000e+04     5.46000000e+03    -4.17485669e+03     1.99760523e-01    -4.17508276e+03     2.63630684e+02   
    1.09400000e+04     5.47000000e+03    -4.17485591e+03     2.43814904e-01    -4.17513721e+03     3.12319192e+02   
    1.09600000e+04     5.48000000e+03    -4.17485559e+03     6.90314045e-02    -4.17502295e+03     1.19150033e+02   
    1.09800000e+04     5.49000000e+03    -4.17485560e+03     1.17065359e-01    -4.17504541e+03     1.72236730e+02   
    1.10000000e+04     5.50000000e+03    -4.17485622e+03     1.33360306e-01    -4.17513855e+03     1.90245760e+02   
    1.10200000e+04     5.51000000e+03    -4.17485671e+03     1.49409997e-01    -4.17515356e+03     2.07983734e+02   
    1.10400000e+04     5.52000000e+03    -4.17485635e+03     1.54780976e-01    -4.17513538e+03     2.13919692e+02   
    1.10600000e+04     5.53000000e+03    -4.17485561e+03     2.08289686e-01    -4.17510559e+03     2.73057039e+02   
    1.10800000e+04     5.54000000e+03    -4.17485604e+03     1.81266254e-01    -4.17517554e+03     2.43190984e+02   
    1.11000000e+04     5.55000000e+03    -4.17485665e+03     2.28754128e-01    -4.17523975e+03     2.95674157e+02   
    1.11200000e+04     5.56000000e+03    -4.17485633e+03     1.82509284e-01    -4.17522021e+03     2.44564770e+02   
    1.11400000e+04     5.57000000e+03    -4.17485432e+03     1.19449109e-01    -4.17514197e+03     1.74871229e+02   
    1.11600000e+04     5.58000000e+03    -4.17485551e+03     1.52868335e-01    -4.17513757e+03     2.11805858e+02   
    1.11800000e+04     5.59000000e+03    -4.17485699e+03     1.68024326e-01    -4.17521143e+03     2.28556124e+02   
    1.12000000e+04     5.60000000e+03    -4.17485564e+03     1.85466693e-01    -4.17520361e+03     2.47833272e+02   
    1.12200000e+04     5.61000000e+03    -4.17485604e+03     2.00126484e-01    -4.17518604e+03     2.64035142e+02   
    1.12400000e+04     5.62000000e+03    -4.17485651e+03     1.98043347e-01    -4.17514148e+03     2.61732877e+02   
    1.12600000e+04     5.63000000e+03    -4.17485673e+03     1.97658862e-01    -4.17518701e+03     2.61307948e+02   
    1.12800000e+04     5.64000000e+03    -4.17485540e+03     2.78375018e-01    -4.17516296e+03     3.50514720e+02   
    1.13000000e+04     5.65000000e+03    -4.17485366e+03     1.47669605e-01    -4.17500928e+03     2.06060268e+02   
    1.13200000e+04     5.66000000e+03    -4.17485376e+03     1.54977451e-01    -4.17500305e+03     2.14136834e+02   
    1.13400000e+04     5.67000000e+03    -4.17485445e+03     2.33707321e-01    -4.17505396e+03     3.01148381e+02   
    1.13600000e+04     5.68000000e+03    -4.17485589e+03     3.88827497e-01    -4.17513464e+03     4.72585812e+02   
    1.13800000e+04     5.69000000e+03    -4.17485619e+03     2.50931939e-01    -4.17502563e+03     3.20184876e+02   
    1.14000000e+04     5.70000000e+03    -4.17485439e+03     3.22174795e-01    -4.17505432e+03     3.98921842e+02   
    1.14200000e+04     5.71000000e+03    -4.17485570e+03     2.76604410e-01    -4.17514502e+03     3.48557860e+02   
    1.14400000e+04     5.72000000e+03    -4.17485681e+03     3.06868364e-01    -4.17516223e+03     3.82005312e+02   
    1.14600000e+04     5.73000000e+03    -4.17485607e+03     3.41718508e-01    -4.17515308e+03     4.20521378e+02   
    1.14800000e+04     5.74000000e+03    -4.17485432e+03     2.44008430e-01    -4.17511023e+03     3.12533075e+02   
    1.15000000e+04     5.75000000e+03    -4.17485475e+03     2.24230333e-01    -4.17508533e+03     2.90674499e+02   
    1.15200000e+04     5.76000000e+03    -4.17485465e+03     1.82624100e-01    -4.17509692e+03     2.44691663e+02   
    1.15400000e+04     5.77000000e+03    -4.17485640e+03     2.60235874e-01    -4.17519751e+03     3.30467501e+02   
    1.15600000e+04     5.78000000e+03    -4.17485656e+03     2.04237304e-01    -4.17517676e+03     2.68578383e+02   
    1.15800000e+04     5.79000000e+03    -4.17485509e+03     1.44518819e-01    -4.17506055e+03     2.02578047e+02   
    1.16000000e+04     5.80000000e+03    -4.17485572e+03     2.35687918e-01    -4.17517236e+03     3.03337320e+02   
    1.16200000e+04     5.81000000e+03    -4.17485716e+03     2.55249983e-01    -4.17520605e+03     3.24957139e+02   
    1.16400000e+04     5.82000000e+03    -4.17485568e+03     1.69934879e-01    -4.17512927e+03     2.30667649e+02   
    1.16600000e+04     5.83000000e+03    -4.17485632e+03     2.03943037e-01    -4.17512646e+03     2.68253161e+02   
    1.16800000e+04     5.84000000e+03    -4.17485637e+03     2.40127299e-01    -4.17514124e+03     3.08243685e+02   
    1.17000000e+04     5.85000000e+03    -4.17485707e+03     2.69105291e-01    -4.17519653e+03     3.40269901e+02   
    1.17200000e+04     5.86000000e+03    -4.17485696e+03     2.53588108e-01    -4.17517212e+03     3.23120449e+02   
    1.17400000e+04     5.87000000e+03    -4.17485694e+03     2.02842814e-01    -4.17514551e+03     2.67037205e+02   
    1.17600000e+04     5.88000000e+03    -4.17485661e+03     1.52759933e-01    -4.17514587e+03     2.11686053e+02   
    1.17800000e+04     5.89000000e+03    -4.17485630e+03     2.11431507e-01    -4.17517676e+03     2.76529352e+02   
    1.18000000e+04     5.90000000e+03    -4.17485715e+03     1.96672483e-01    -4.17520508e+03     2.60217811e+02   
    1.18200000e+04     5.91000000e+03    -4.17485701e+03     1.24744199e-01    -4.17517029e+03     1.80723315e+02   
    1.18400000e+04     5.92000000e+03    -4.17485728e+03     2.14401029e-01    -4.17517542e+03     2.79811240e+02   
    1.18600000e+04     5.93000000e+03    -4.17485664e+03     1.01797879e-01    -4.17510803e+03     1.55363247e+02   
    1.18800000e+04     5.94000000e+03    -4.17485616e+03     1.87082434e-01    -4.17512817e+03     2.49618974e+02   
    1.19000000e+04     5.95000000e+03    -4.17485577e+03     1.41043861e-01    -4.17509766e+03     1.98737555e+02   
    1.19200000e+04     5.96000000e+03    -4.17485609e+03     1.49254769e-01    -4.17508008e+03     2.07812177e+02   
    1.19400000e+04     5.97000000e+03    -4.17485607e+03     1.90578470e-01    -4.17507788e+03     2.53482762e+02   
    1.19600000e+04     5.98000000e+03    -4.17485576e+03     2.28776219e-01    -4.17507227e+03     2.95698572e+02   
    1.19800000e+04     5.99000000e+03    -4.17485588e+03     3.08007309e-01    -4.17509888e+03     3.83264064e+02   
    1.20000000e+04     6.00000000e+03    -4.17485557e+03     3.04621578e-01    -4.17512463e+03     3.79522184e+02   
    1.20200000e+04     6.01000000e+03    -4.17485740e+03     2.10068886e-01    -4.17513013e+03     2.75023395e+02   
    1.20400000e+04     6.02000000e+03    -4.17485694e+03     2.20888448e-01    -4.17514453e+03     2.86981079e+02   
    1.20600000e+04     6.03000000e+03    -4.17485627e+03     2.41405080e-01    -4.17509851e+03     3.09655876e+02   
    1.20800000e+04     6.04000000e+03    -4.17485644e+03     2.88902930e-01    -4.17509766e+03     3.62150075e+02   
    1.21000000e+04     6.05000000e+03    -4.17485651e+03     3.44286381e-01    -4.17513184e+03     4.23359369e+02   
    1.21200000e+04     6.06000000e+03    -4.17485371e+03     2.33980536e-01    -4.17500928e+03     3.01450336e+02   
    1.21400000e+04     6.07000000e+03    -4.17485427e+03     1.74223559e-01    -4.17505066e+03     2.35407460e+02   
    1.21600000e+04     6.08000000e+03    -4.17485672e+03     3.43202151e-01    -4.17519348e+03     4.22161088e+02   
    1.21800000e+04     6.09000000e+03    -4.17485630e+03     2.86818488e-01    -4.17513989e+03     3.59846368e+02   
    1.22000000e+04     6.10000000e+03    -4.17485575e+03     2.33072260e-01    -4.17508850e+03     3.00446518e+02   
    1.22200000e+04     6.11000000e+03    -4.17485583e+03     2.78339011e-01    -4.17512793e+03     3.50474926e+02   
    1.22400000e+04     6.12000000e+03    -4.17485606e+03     1.93705904e-01    -4.17508032e+03     2.56939174e+02   
    1.22600000e+04     6.13000000e+03    -4.17485590e+03     1.71258386e-01    -4.17495862e+03     2.32130378e+02   
    1.22800000e+04     6.14000000e+03    -4.17485587e+03     2.58023212e-01    -4.17505176e+03     3.28022086e+02   
    1.23000000e+04     6.15000000e+03    -4.17485521e+03     2.42450200e-01    -4.17509680e+03     3.10810933e+02   
    1.23200000e+04     6.16000000e+03    -4.17485604e+03     1.19101889e-01    -4.17507117e+03     1.74487484e+02   
    1.23400000e+04     6.17000000e+03    -4.17485649e+03     1.64424311e-01    -4.17515161e+03     2.24577419e+02   
    1.23600000e+04     6.18000000e+03    -4.17485663e+03     2.01621825e-01    -4.17520654e+03     2.65687779e+02   
    1.23800000e+04     6.19000000e+03    -4.17485759e+03     2.77711708e-01    -4.17524707e+03     3.49781636e+02   
    1.24000000e+04     6.20000000e+03    -4.17485782e+03     2.75805237e-01    -4.17522119e+03     3.47674622e+02   
    1.24200000e+04     6.21000000e+03    -4.17485625e+03     2.58937875e-01    -4.17518384e+03     3.29032964e+02   
    1.24400000e+04     6.22000000e+03    -4.17485568e+03     2.63852707e-01    -4.17514551e+03     3.34464793e+02   
    1.24600000e+04     6.23000000e+03    -4.17485571e+03     2.22344895e-01    -4.17508093e+03     2.88590731e+02   
    1.24800000e+04     6.24000000e+03    -4.17485683e+03     2.56880223e-01    -4.17511035e+03     3.26758866e+02   
    1.25000000e+04     6.25000000e+03    -4.17485845e+03     3.47272829e-01    -4.17515527e+03     4.26659965e+02   
    1.25200000e+04     6.26000000e+03    -4.17485624e+03     2.74852659e-01    -4.17499658e+03     3.46621841e+02   
    1.25400000e+04     6.27000000e+03    -4.17485533e+03     2.76933909e-01    -4.17501685e+03     3.48922020e+02   
    1.25600000e+04     6.28000000e+03    -4.17485733e+03     4.19147037e-01    -4.17513086e+03     5.06094696e+02   
    1.25800000e+04     6.29000000e+03    -4.17485790e+03     4.01459051e-01    -4.17513599e+03     4.86546092e+02   
    1.26000000e+04     6.30000000e+03    -4.17485648e+03     3.26189596e-01    -4.17499756e+03     4.03358965e+02   
    1.26200000e+04     6.31000000e+03    -4.17485543e+03     3.29018132e-01    -4.17492273e+03     4.06485037e+02   
    1.26400000e+04     6.32000000e+03    -4.17485562e+03     2.55051671e-01    -4.17488074e+03     3.24737966e+02   
    1.26600000e+04     6.33000000e+03    -4.17485737e+03     4.44780064e-01    -4.17497522e+03     5.34424088e+02   
    1.26800000e+04     6.34000000e+03    -4.17485777e+03     4.21387589e-01    -4.17495935e+03     5.08570934e+02   
    1.27000000e+04     6.35000000e+03    -4.17485626e+03     4.29702001e-01    -4.17495325e+03     5.17759948e+02   
    1.27200000e+04     6.36000000e+03    -4.17485693e+03     3.55539874e-01    -4.17495874e+03     4.35796629e+02   
    1.27400000e+04     6.37000000e+03    -4.17485723e+03     3.98634748e-01    -4.17501367e+03     4.83424697e+02   
    1.27600000e+04     6.38000000e+03    -4.17485773e+03     3.75233410e-01    -4.17502576e+03     4.57561748e+02   
    1.27800000e+04     6.39000000e+03    -4.17485774e+03     2.60852094e-01    -4.17495447e+03     3.31148542e+02   
    1.28000000e+04     6.40000000e+03    -4.17485679e+03     2.51350401e-01    -4.17493591e+03     3.20647355e+02   
    1.28200000e+04     6.41000000e+03    -4.17485512e+03     2.81730922e-01    -4.17502905e+03     3.54223636e+02   
    1.28400000e+04     6.42000000e+03    -4.17485571e+03     3.11069357e-01    -4.17498352e+03     3.86648212e+02   
    1.28600000e+04     6.43000000e+03    -4.17485604e+03     2.33102113e-01    -4.17490796e+03     3.00479511e+02   
    1.28800000e+04     6.44000000e+03    -4.17485671e+03     3.20306551e-01    -4.17501416e+03     3.96857076e+02   
    1.29000000e+04     6.45000000e+03    -4.17485728e+03     3.54408172e-01    -4.17503894e+03     4.34545882e+02   
    1.29200000e+04     6.46000000e+03    -4.17485682e+03     2.73029056e-01    -4.17506104e+03     3.44606412e+02   
    1.29400000e+04     6.47000000e+03    -4.17485641e+03     1.74992063e-01    -4.17499109e+03     2.36256805e+02   
    1.29600000e+04     6.48000000e+03    -4.17485603e+03     3.32284420e-01    -4.17507764e+03     4.10094909e+02   
    1.29800000e+04     6.49000000e+03    -4.17485750e+03     2.67053480e-01    -4.17514294e+03     3.38002258e+02   
    1.30000000e+04     6.50000000e+03    -4.17485723e+03     2.92762158e-01    -4.17505090e+03     3.66415259e+02   
    1.30200000e+04     6.51000000e+03    -4.17485641e+03     2.14780756e-01    -4.17488928e+03     2.80230912e+02   
    1.30400000e+04     6.52000000e+03    -4.17485608e+03     3.34520408e-01    -4.17504272e+03     4.12566103e+02   
    1.30600000e+04     6.53000000e+03    -4.17485707e+03     3.03456688e-01    -4.17512903e+03     3.78234758e+02   
    1.30800000e+04     6.54000000e+03    -4.17485721e+03     2.66013329e-01    -4.17511316e+03     3.36852693e+02   
    1.31000000e+04     6.55000000e+03    -4.17485577e+03     1.62051461e-01    -4.17501892e+03     2.21954967e+02   
    1.31200000e+04     6.56000000e+03    -4.17485703e+03     2.80866504e-01    -4.17515393e+03     3.53268289e+02   
    1.31400000e+04     6.57000000e+03    -4.17485719e+03     2.96498153e-01    -4.17521606e+03     3.70544247e+02   
    1.31600000e+04     6.58000000e+03    -4.17485746e+03     2.79275084e-01    -4.17514832e+03     3.51509466e+02   
    1.31800000e+04     6.59000000e+03    -4.17485628e+03     2.00769757e-01    -4.17509399e+03     2.64746081e+02   
    1.32000000e+04     6.60000000e+03    -4.17485613e+03     1.68341039e-01    -4.17504565e+03     2.28906152e+02   
    1.32200000e+04     6.61000000e+03    -4.17485795e+03     1.71532344e-01    -4.17514111e+03     2.32433154e+02   
    1.32400000e+04     6.62000000e+03    -4.17485696e+03     2.26390138e-01    -4.17515002e+03     2.93061497e+02   
    1.32600000e+04     6.63000000e+03    -4.17485751e+03     2.46410291e-01    -4.17516809e+03     3.15187591e+02   
    1.32800000e+04     6.64000000e+03    -4.17485792e+03     1.59423700e-01    -4.17513354e+03     2.19050789e+02   
    1.33000000e+04     6.65000000e+03    -4.17485787e+03     1.38764312e-01    -4.17512537e+03     1.96218218e+02   
    1.33200000e+04     6.66000000e+03    -4.17485732e+03     1.76695460e-01    -4.17513831e+03     2.38139384e+02   
    1.33400000e+04     6.67000000e+03    -4.17485692e+03     2.90920546e-01    -4.17513171e+03     3.64379926e+02   
    1.33600000e+04     6.68000000e+03    -4.17485737e+03     2.73341589e-01    -4.17508679e+03     3.44951820e+02   
    1.33800000e+04     6.69000000e+03    -4.17485657e+03     2.51583228e-01    -4.17504297e+03     3.20904674e+02   
    1.34000000e+04     6.70000000e+03    -4.17485652e+03     2.50018234e-01    -4.17512878e+03     3.19175057e+02   
    1.34200000e+04     6.71000000e+03    -4.17485673e+03     3.84773455e-01    -4.17513403e+03     4.68105321e+02   
    1.34400000e+04     6.72000000e+03    -4.17485679e+03     4.49072385e-01    -4.17508948e+03     5.39167923e+02   
    1.34600000e+04     6.73000000e+03    -4.17485643e+03     4.52798706e-01    -4.17506873e+03     5.43286219e+02   
    1.34800000e+04     6.74000000e+03    -4.17485638e+03     3.48492042e-01    -4.17501233e+03     4.28007428e+02   
    1.35000000e+04     6.75000000e+03    -4.17485647e+03     3.20048288e-01    -4.17497839e+03     3.96571646e+02   
    1.35200000e+04     6.76000000e+03    -4.17485675e+03     3.48045815e-01    -4.17499609e+03     4.27514262e+02   
    1.35400000e+04     6.77000000e+03    -4.17485536e+03     3.50237397e-01    -4.17503223e+03     4.29936379e+02   
    1.35600000e+04     6.78000000e+03    -4.17485536e+03     2.97949052e-01    -4.17493372e+03     3.72147768e+02   
    1.35800000e+04     6.79000000e+03    -4.17485665e+03     3.27548567e-01    -4.17497583e+03     4.04860886e+02   
    1.36000000e+04     6.80000000e+03    -4.17485826e+03     4.94878060e-01    -4.17516003e+03     5.89791945e+02   
    1.36200000e+04     6.81000000e+03    -4.17485683e+03     2.37911732e-01    -4.17502808e+03     3.05795059e+02   
    1.36400000e+04     6.82000000e+03    -4.17485644e+03     1.67336923e-01    -4.17497144e+03     2.27796413e+02   
    1.36600000e+04     6.83000000e+03    -4.17485721e+03     3.17444758e-01    -4.17512537e+03     3.93694247e+02   
    1.36800000e+04     6.84000000e+03    -4.17485637e+03     1.96110209e-01    -4.17497192e+03     2.59596390e+02   
    1.37000000e+04     6.85000000e+03    -4.17485673e+03     1.39428406e-01    -4.17500757e+03     1.96952169e+02   
    1.37200000e+04     6.86000000e+03    -4.17485667e+03     2.53650464e-01    -4.17508069e+03     3.23189365e+02   
    1.37400000e+04     6.87000000e+03    -4.17485664e+03     2.58722501e-01    -4.17514026e+03     3.28794935e+02   
    1.37600000e+04     6.88000000e+03    -4.17485580e+03     2.69482018e-01    -4.17508069e+03     3.40686257e+02   
    1.37800000e+04     6.89000000e+03    -4.17485605e+03     2.36103919e-01    -4.17506360e+03     3.03797080e+02   
    1.38000000e+04     6.90000000e+03    -4.17485529e+03     2.89455989e-01    -4.17509692e+03     3.62761311e+02   
    1.38200000e+04     6.91000000e+03    -4.17485721e+03     2.78752625e-01    -4.17509509e+03     3.50932048e+02   
    1.38400000e+04     6.92000000e+03    -4.17485613e+03     2.65467367e-01    -4.17509290e+03     3.36249300e+02   
    1.38600000e+04     6.93000000e+03    -4.17485542e+03     2.81002786e-01    -4.17508142e+03     3.53418906e+02   
    1.38800000e+04     6.94000000e+03    -4.17485614e+03     1.72018411e-01    -4.17504199e+03     2.32970351e+02   
    1.39000000e+04     6.95000000e+03    -4.17485625e+03     2.10049850e-01    -4.17501953e+03     2.75002357e+02   
    1.39200000e+04     6.96000000e+03    -4.17485654e+03     2.43292393e-01    -4.17503149e+03     3.11741718e+02   
    1.39400000e+04     6.97000000e+03    -4.17485582e+03     2.02147171e-01    -4.17506824e+03     2.66268386e+02   
    1.39600000e+04     6.98000000e+03    -4.17485675e+03     2.09591855e-01    -4.17512170e+03     2.74496185e+02   
    1.39800000e+04     6.99000000e+03    -4.17485786e+03     1.68873698e-01    -4.17512366e+03     2.29494842e+02   
    1.40000000e+04     7.00000000e+03    -4.17485700e+03     1.75327144e-01    -4.17511182e+03     2.36627133e+02   
    1.40200000e+04     7.01000000e+03    -4.17485775e+03     2.09982757e-01    -4.17516809e+03     2.74928206e+02   
    1.40400000e+04     7.02000000e+03    -4.17485797e+03     1.37504927e-01    -4.17508972e+03     1.94826357e+02   
    1.40600000e+04     7.03000000e+03    -4.17485818e+03     1.45921586e-01    -4.17507556e+03     2.04128373e+02   
    1.40800000e+04     7.04000000e+03    -4.17485713e+03     2.05774433e-01    -4.17513513e+03     2.70277204e+02   
    1.41000000e+04     7.05000000e+03    -4.17485703e+03     1.96178372e-01    -4.17512622e+03     2.59671723e+02   
    1.41200000e+04     7.06000000e+03    -4.17485750e+03     1.11020502e-01    -4.17507605e+03     1.65556007e+02   
    1.41400000e+04     7.07000000e+03    -4.17485736e+03     2.62016817e-01    -4.17520251e+03     3.32435784e+02   
    1.41600000e+04     7.08000000e+03    -4.17485725e+03     2.65821102e-01    -4.17517761e+03     3.36640245e+02   
    1.41800000e+04     7.09000000e+03    -4.17485785e+03     1.80342121e-01    -4.17510950e+03     2.42169641e+02   
    1.42000000e+04     7.10000000e+03    -4.17485777e+03     3.15677713e-01    -4.17516272e+03     3.91741326e+02   
    1.42200000e+04     7.11000000e+03    -4.17485808e+03     1.85673255e-01    -4.17510071e+03     2.48061562e+02   
    1.42400000e+04     7.12000000e+03    -4.17485772e+03     1.97950069e-01    -4.17512390e+03     2.61629787e+02   
    1.42600000e+04     7.13000000e+03    -4.17485813e+03     2.36822802e-01    -4.17521082e+03     3.04591583e+02   
    1.42800000e+04     7.14000000e+03    -4.17485798e+03     1.70601295e-01    -4.17515320e+03     2.31404167e+02   
    1.43000000e+04     7.15000000e+03    -4.17485711e+03     1.52149809e-01    -4.17515662e+03     2.11011750e+02   
    1.43200000e+04     7.16000000e+03    -4.17485766e+03     2.00087900e-01    -4.17520935e+03     2.63992499e+02   
    1.43400000e+04     7.17000000e+03    -4.17485704e+03     1.03755616e-01    -4.17507690e+03     1.57526921e+02   
    1.43600000e+04     7.18000000e+03    -4.17485722e+03     1.26646118e-01    -4.17511572e+03     1.82825299e+02   
    1.43800000e+04     7.19000000e+03    -4.17485761e+03     3.08334881e-01    -4.17524512e+03     3.83626093e+02   
    1.44000000e+04     7.20000000e+03    -4.17485764e+03     2.14227738e-01    -4.17516272e+03     2.79619722e+02   
    1.44200000e+04     7.21000000e+03    -4.17485681e+03     9.84047058e-02    -4.17509033e+03     1.51613143e+02   
    1.44400000e+04     7.22000000e+03    -4.17485697e+03     1.62761115e-01    -4.17515686e+03     2.22739270e+02   
    1.44600000e+04     7.23000000e+03    -4.17485741e+03     2.02647812e-01    -4.17515149e+03     2.66821690e+02   
    1.44800000e+04     7.24000000e+03    -4.17485754e+03     1.50631355e-01    -4.17513757e+03     2.09333568e+02   
    1.45000000e+04     7.25000000e+03    -4.17485730e+03     1.65125968e-01    -4.17514880e+03     2.25352884e+02   
    1.45200000e+04     7.26000000e+03    -4.17485698e+03     2.14891254e-01    -4.17511707e+03     2.80353033e+02   
    1.45400000e+04     7.27000000e+03    -4.17485734e+03     2.42270006e-01    -4.17515369e+03     3.10611784e+02   
    1.45600000e+04     7.28000000e+03    -4.17485712e+03     2.16230064e-01    -4.17518884e+03     2.81832674e+02   
    1.45800000e+04     7.29000000e+03    -4.17485668e+03     1.84787412e-01    -4.17518213e+03     2.47082536e+02   
    1.46000000e+04     7.30000000e+03    -4.17485648e+03     1.42397930e-01    -4.17517834e+03     2.00234060e+02   
    1.46200000e+04     7.31000000e+03    -4.17485543e+03     1.39993157e-01    -4.17517102e+03     1.97576326e+02   
    1.46400000e+04     7.32000000e+03    -4.17485725e+03     1.54914109e-01    -4.17518555e+03     2.14066829e+02   
    1.46600000e+04     7.33000000e+03    -4.17485722e+03     1.88912372e-01    -4.17518970e+03     2.51641405e+02   
    1.46800000e+04     7.34000000e+03    -4.17485617e+03     9.23466813e-02    -4.17512769e+03     1.44917868e+02   
    1.47000000e+04     7.35000000e+03    -4.17485710e+03     7.04264983e-02    -4.17514404e+03     1.20691878e+02   
    1.47200000e+04     7.36000000e+03    -4.17485747e+03     9.61284083e-02    -4.17515564e+03     1.49097399e+02   
    1.47400000e+04     7.37000000e+03    -4.17485708e+03     4.69818609e-02    -4.17516345e+03     9.47810750e+01   
    1.47600000e+04     7.38000000e+03    -4.17485663e+03     1.29374892e-01    -4.17520081e+03     1.85841116e+02   
    1.47800000e+04     7.39000000e+03    -4.17485784e+03     1.89660627e-01    -4.17522620e+03     2.52468370e+02   
    1.48000000e+04     7.40000000e+03    -4.17485602e+03     1.36492222e-01    -4.17511963e+03     1.93707125e+02   
    1.48200000e+04     7.41000000e+03    -4.17485507e+03     1.11878565e-01    -4.17512061e+03     1.66504332e+02   
    1.48400000e+04     7.42000000e+03    -4.17485647e+03     1.88958623e-01    -4.17517444e+03     2.51692522e+02   
    1.48600000e+04     7.43000000e+03    -4.17485747e+03     1.80324089e-01    -4.17518726e+03     2.42149712e+02   
    1.48800000e+04     7.44000000e+03    -4.17485615e+03     1.68250080e-01    -4.17512292e+03     2.28805625e+02   
    1.49000000e+04     7.45000000e+03    -4.17485611e+03     1.89261484e-01    -4.17513098e+03     2.52027240e+02   
    1.49200000e+04     7.46000000e+03    -4.17485574e+03     2.43253593e-01    -4.17514612e+03     3.11698836e+02   
    1.49400000e+04     7.47000000e+03    -4.17485680e+03     2.29477897e-01    -4.17516602e+03     2.96474060e+02   
    1.49600000e+04     7.48000000e+03    -4.17485675e+03     2.64396940e-01    -4.17519531e+03     3.35066274e+02   
    1.49800000e+04     7.49000000e+03    -4.17485702e+03     2.63884849e-01    -4.17522705e+03     3.34500316e+02   
    1.50000000e+04     7.50000000e+03    -4.17485721e+03     2.20364605e-01    -4.17516516e+03     2.86402132e+02   
    1.50200000e+04     7.51000000e+03    -4.17485632e+03     1.51700149e-01    -4.17507776e+03     2.10514790e+02   
    1.50400000e+04     7.52000000e+03    -4.17485703e+03     3.08484946e-01    -4.17516296e+03     3.83791944e+02   
    1.50600000e+04     7.53000000e+03    -4.17485685e+03     3.38593151e-01    -4.17513220e+03     4.17067262e+02   
    1.50800000e+04     7.54000000e+03    -4.17485701e+03     2.33814164e-01    -4.17505322e+03     3.01266463e+02   
    1.51000000e+04     7.55000000e+03    -4.17485688e+03     2.95515208e-01    -4.17514844e+03     3.69457906e+02   
    1.51200000e+04     7.56000000e+03    -4.17485651e+03     1.70648528e-01    -4.17506091e+03     2.31456368e+02   
    1.51400000e+04     7.57000000e+03    -4.17485673e+03     1.67901847e-01    -4.17510022e+03     2.28420761e+02   
    1.51600000e+04     7.58000000e+03    -4.17485703e+03     3.76485777e-01    -4.17519214e+03     4.58945853e+02   
    1.51800000e+04     7.59000000e+03    -4.17485611e+03     2.71476338e-01    -4.17513513e+03     3.42890361e+02   
    1.52000000e+04     7.60000000e+03    -4.17485604e+03     1.78348205e-01    -4.17512866e+03     2.39965983e+02   
    1.52200000e+04     7.61000000e+03    -4.17485653e+03     2.30978044e-01    -4.17513977e+03     2.98132009e+02   
    1.52400000e+04     7.62000000e+03    -4.17485657e+03     2.21352957e-01    -4.17510034e+03     2.87494449e+02   
    1.52600000e+04     7.63000000e+03    -4.17485582e+03     1.56909527e-01    -4.17506079e+03     2.16272147e+02   
    1.52800000e+04     7.64000000e+03    -4.17485618e+03     2.15910074e-01    -4.17512366e+03     2.81479023e+02   
    1.53000000e+04     7.65000000e+03    -4.17485794e+03     2.10423608e-01    -4.17517456e+03     2.75415431e+02   
    1.53200000e+04     7.66000000e+03    -4.17485672e+03     1.89029322e-01    -4.17511768e+03     2.51770657e+02   
    1.53400000e+04     7.67000000e+03    -4.17485537e+03     1.72939615e-01    -4.17508020e+03     2.33988457e+02   
    1.53600000e+04     7.68000000e+03    -4.17485720e+03     1.61882702e-01    -4.17512939e+03     2.21768455e+02   
    1.53800000e+04     7.69000000e+03    -4.17485728e+03     2.04402704e-01    -4.17514819e+03     2.68761181e+02   
    1.54000000e+04     7.70000000e+03    -4.17485604e+03     2.94763224e-01    -4.17515405e+03     3.68626819e+02   
    1.54200000e+04     7.71000000e+03    -4.17485617e+03     1.47652855e-01    -4.17504285e+03     2.06041756e+02   
    1.54400000e+04     7.72000000e+03    -4.17485694e+03     1.76361872e-01    -4.17508105e+03     2.37770705e+02   
    1.54600000e+04     7.73000000e+03    -4.17485735e+03     2.40165517e-01    -4.17517334e+03     3.08285923e+02   
    1.54800000e+04     7.74000000e+03    -4.17485640e+03     1.96496703e-01    -4.17514868e+03     2.60023540e+02   
    1.55000000e+04     7.75000000e+03    -4.17485572e+03     1.11287739e-01    -4.17506519e+03     1.65851355e+02   
    1.55200000e+04     7.76000000e+03    -4.17485633e+03     2.43979585e-01    -4.17514368e+03     3.12501196e+02   
    1.55400000e+04     7.77000000e+03    -4.17485811e+03     3.28868113e-01    -4.17519141e+03     4.06319238e+02   
    1.55600000e+04     7.78000000e+03    -4.17485606e+03     2.07399810e-01    -4.17505603e+03     2.72073557e+02   
    1.55800000e+04     7.79000000e+03    -4.17485504e+03     1.65271333e-01    -4.17495728e+03     2.25513541e+02   
    1.56000000e+04     7.80000000e+03    -4.17485613e+03     3.32265670e-01    -4.17505396e+03     4.10074187e+02   
    1.56200000e+04     7.81000000e+03    -4.17485540e+03     3.71704233e-01    -4.17505298e+03     4.53661334e+02   
    1.56400000e+04     7.82000000e+03    -4.17485531e+03     4.37768997e-01    -4.17494873e+03     5.26675519e+02   
    1.56600000e+04     7.83000000e+03    -4.17485550e+03     4.79769439e-01    -4.17497107e+03     5.73094032e+02   
    1.56800000e+04     7.84000000e+03    -4.17485611e+03     3.48432156e-01    -4.17490295e+03     4.27941242e+02   
    1.57000000e+04     7.85000000e+03    -4.17485650e+03     5.83035835e-01    -4.17507007e+03     6.87223129e+02   
    1.57200000e+04     7.86000000e+03    -4.17485612e+03     5.22735178e-01    -4.17499927e+03     6.20579382e+02   
    1.57400000e+04     7.87000000e+03    -4.17485714e+03     5.32645092e-01    -4.17505408e+03     6.31531730e+02   
    1.57600000e+04     7.88000000e+03    -4.17485756e+03     4.06277445e-01    -4.17502454e+03     4.91871338e+02   
    1.57800000e+04     7.89000000e+03    -4.17485757e+03     3.13916749e-01    -4.17498743e+03     3.89795124e+02   
    1.58000000e+04     7.90000000e+03    -4.17485743e+03     3.50268899e-01    -4.17507117e+03     4.29971194e+02   
    1.58200000e+04     7.91000000e+03    -4.17485732e+03     4.14343990e-01    -4.17511731e+03     5.00786412e+02   
    1.58400000e+04     7.92000000e+03    -4.17485762e+03     3.55192482e-01    -4.17502759e+03     4.35412694e+02   
    1.58600000e+04     7.93000000e+03    -4.17485782e+03     2.43406210e-01    -4.17501660e+03     3.11867507e+02   
    1.58800000e+04     7.94000000e+03    -4.17485768e+03     2.51929754e-01    -4.17503748e+03     3.21287651e+02   
    1.59000000e+04     7.95000000e+03    -4.17485789e+03     3.69249552e-01    -4.17516809e+03     4.50948443e+02   
    1.59200000e+04     7.96000000e+03    -4.17485775e+03     2.69268955e-01    -4.17502795e+03     3.40450782e+02   
    1.59400000e+04     7.97000000e+03    -4.17485820e+03     2.86727553e-01    -4.17505701e+03     3.59745868e+02   
    1.59600000e+04     7.98000000e+03    -4.17485788e+03     3.27961143e-01    -4.17511890e+03     4.05316862e+02   
    1.59800000e+04     7.99000000e+03    -4.17485683e+03     2.59145584e-01    -4.17501184e+03     3.29262523e+02   
    1.60000000e+04     8.00000000e+03    -4.17485695e+03     2.46045492e-01    -4.17507300e+03     3.14784418e+02   
    1.60200000e+04     8.01000000e+03    -4.17485694e+03     1.52163702e-01    -4.17504895e+03     2.11027104e+02   
    1.60400000e+04     8.02000000e+03    -4.17485762e+03     2.46757326e-01    -4.17516150e+03     3.15571131e+02   
    1.60600000e+04     8.03000000e+03    -4.17485862e+03     2.98661629e-01    -4.17519275e+03     3.72935301e+02   
    1.60800000e+04     8.04000000e+03    -4.17485718e+03     2.02028763e-01    -4.17509082e+03     2.66137523e+02   
    1.61000000e+04     8.05000000e+03    -4.17485438e+03     1.93967518e-01    -4.17501245e+03     2.57228308e+02   
    1.61200000e+04     8.06000000e+03    -4.17485693e+03     2.57495141e-01    -4.17508691e+03     3.27438467e+02   
    1.61400000e+04     8.07000000e+03    -4.17485728e+03     3.74839131e-01    -4.17512390e+03     4.57125995e+02   
    1.61600000e+04     8.08000000e+03    -4.17485697e+03     2.46556999e-01    -4.17504956e+03     3.15349731e+02   
    1.61800000e+04     8.09000000e+03    -4.17485572e+03     2.61748926e-01    -4.17507288e+03     3.32139713e+02   
    1.62000000e+04     8.10000000e+03    -4.17485419e+03     2.49314626e-01    -4.17504993e+03     3.18397435e+02   
    1.62200000e+04     8.11000000e+03    -4.17485631e+03     3.36527162e-01    -4.17509888e+03     4.14783950e+02   
    1.62400000e+04     8.12000000e+03    -4.17485746e+03     3.43587511e-01    -4.17513782e+03     4.22586984e+02   
    1.62600000e+04     8.13000000e+03    -4.17485709e+03     2.20403779e-01    -4.17512952e+03     2.86445426e+02   
    1.62800000e+04     8.14000000e+03    -4.17485570e+03     1.41750729e-01    -4.17503845e+03     1.99518779e+02   
    1.63000000e+04     8.15000000e+03    -4.17485729e+03     1.81264019e-01    -4.17511206e+03     2.43188514e+02   
    1.63200000e+04     8.16000000e+03    -4.17485824e+03     1.83324286e-01    -4.17514807e+03     2.45465503e+02   
    1.63400000e+04     8.17000000e+03    -4.17485845e+03     1.94003900e-01    -4.17517554e+03     2.57268516e+02   
    1.63600000e+04     8.18000000e+03    -4.17485793e+03     1.56395717e-01    -4.17517517e+03     2.15704289e+02   
    1.63800000e+04     8.19000000e+03    -4.17485628e+03     1.61704396e-01    -4.17511658e+03     2.21571393e+02   
    1.64000000e+04     8.20000000e+03    -4.17485681e+03     2.25189401e-01    -4.17510986e+03     2.91734453e+02   
    1.64200000e+04     8.21000000e+03    -4.17485748e+03     2.23205082e-01    -4.17515088e+03     2.89541402e+02   
    1.64400000e+04     8.22000000e+03    -4.17485734e+03     1.79428597e-01    -4.17515918e+03     2.41160021e+02   
    1.64600000e+04     8.23000000e+03    -4.17485744e+03     1.76434968e-01    -4.17514478e+03     2.37851490e+02   
    1.64800000e+04     8.24000000e+03    -4.17485785e+03     1.28796794e-01    -4.17509192e+03     1.85202206e+02   
    1.65000000e+04     8.25000000e+03    -4.17485785e+03     1.52623985e-01    -4.17513708e+03     2.11535805e+02   
    1.65200000e+04     8.26000000e+03    -4.17485797e+03     1.30240502e-01    -4.17508704e+03     1.86797780e+02   
    1.65400000e+04     8.27000000e+03    -4.17485811e+03     2.02916763e-01    -4.17514038e+03     2.67118932e+02   
    1.65600000e+04     8.28000000e+03    -4.17485797e+03     2.43240481e-01    -4.17513074e+03     3.11684345e+02   
    1.65800000e+04     8.29000000e+03    -4.17485822e+03     2.45312952e-01    -4.17513367e+03     3.13974821e+02   
    1.66000000e+04     8.30000000e+03    -4.17485773e+03     1.58624931e-01    -4.17510254e+03     2.18167997e+02   
    1.66200000e+04     8.31000000e+03    -4.17485700e+03     1.53061586e-01    -4.17507214e+03     2.12019438e+02   
    1.66400000e+04     8.32000000e+03    -4.17485721e+03     2.60541302e-01    -4.17511279e+03     3.30805058e+02   
    1.66600000e+04     8.33000000e+03    -4.17485753e+03     2.43495347e-01    -4.17502771e+03     3.11966020e+02   
    1.66800000e+04     8.34000000e+03    -4.17485747e+03     1.46713897e-01    -4.17499646e+03     2.05004028e+02   
    1.67000000e+04     8.35000000e+03    -4.17485691e+03     2.90283251e-01    -4.17501465e+03     3.63675593e+02   
    1.67200000e+04     8.36000000e+03    -4.17485737e+03     3.56229867e-01    -4.17515430e+03     4.36559203e+02   
    1.67400000e+04     8.37000000e+03    -4.17485721e+03     2.59154565e-01    -4.17505530e+03     3.29272449e+02   
    1.67600000e+04     8.38000000e+03    -4.17485757e+03     3.55549054e-01    -4.17512634e+03     4.35806774e+02   
    1.67800000e+04     8.39000000e+03    -4.17485740e+03     3.02903264e-01    -4.17515259e+03     3.77623119e+02   
    1.68000000e+04     8.40000000e+03    -4.17485604e+03     2.45485071e-01    -4.17507690e+03     3.14165045e+02   
    1.68200000e+04     8.41000000e+03    -4.17485689e+03     2.47324386e-01    -4.17509021e+03     3.16197840e+02   
    1.68400000e+04     8.42000000e+03    -4.17485791e+03     2.80428223e-01    -4.17514563e+03     3.52783905e+02   
    1.68600000e+04     8.43000000e+03    -4.17485700e+03     3.34839654e-01    -4.17516833e+03     4.12918931e+02   
    1.68800000e+04     8.44000000e+03    -4.17485659e+03     2.62483947e-01    -4.17511731e+03     3.32952052e+02   
    1.69000000e+04     8.45000000e+03    -4.17485634e+03     2.04025879e-01    -4.17504822e+03     2.68344718e+02   
    1.69200000e+04     8.46000000e+03    -4.17485697e+03     2.63836793e-01    -4.17507092e+03     3.34447205e+02   
    1.69400000e+04     8.47000000e+03    -4.17485652e+03     2.55227022e-01    -4.17505017e+03     3.24931763e+02   
    1.69600000e+04     8.48000000e+03    -4.17485659e+03     2.17241745e-01    -4.17501221e+03     2.82950775e+02   
    1.69800000e+04     8.49000000e+03    -4.17485686e+03     2.05082358e-01    -4.17508569e+03     2.69512329e+02   
    1.70000000e+04     8.50000000e+03    -4.17485567e+03     1.81410309e-01    -4.17506592e+03     2.43350192e+02   
    1.70200000e+04     8.51000000e+03    -4.17485564e+03     1.77754736e-01    -4.17506299e+03     2.39310086e+02   
    1.70400000e+04     8.52000000e+03    -4.17485724e+03     3.13580836e-01    -4.17515820e+03     3.89423876e+02   
    1.70600000e+04     8.53000000e+03    -4.17485654e+03     2.98143870e-01    -4.17508569e+03     3.72363079e+02   
    1.70800000e+04     8.54000000e+03    -4.17485651e+03     2.15485926e-01    -4.17509802e+03     2.81010259e+02   
    1.71000000e+04     8.55000000e+03    -4.17485669e+03     2.04186544e-01    -4.17513452e+03     2.68522284e+02   
    1.71200000e+04     8.56000000e+03    -4.17485708e+03     1.83485617e-01    -4.17513831e+03     2.45643804e+02   
    1.71400000e+04     8.57000000e+03    -4.17485729e+03     2.41951028e-01    -4.17517468e+03     3.10259253e+02   
    1.71600000e+04     8.58000000e+03    -4.17485700e+03     1.24723241e-01    -4.17513220e+03     1.80700152e+02   
    1.71800000e+04     8.59000000e+03    -4.17485654e+03     1.74749839e-01    -4.17505542e+03     2.35989101e+02   
    1.72000000e+04     8.60000000e+03    -4.17485716e+03     2.80703601e-01    -4.17515784e+03     3.53088249e+02   
    1.72200000e+04     8.61000000e+03    -4.17485779e+03     2.44886260e-01    -4.17512354e+03     3.13503246e+02   
    1.72400000e+04     8.62000000e+03    -4.17485741e+03     2.40943797e-01    -4.17507556e+03     3.09146070e+02   
    1.72600000e+04     8.63000000e+03    -4.17485719e+03     1.31131324e-01    -4.17499573e+03     1.87782308e+02   
    1.72800000e+04     8.64000000e+03    -4.17485702e+03     1.56474466e-01    -4.17499097e+03     2.15791322e+02   
    1.73000000e+04     8.65000000e+03    -4.17485734e+03     2.07971119e-01    -4.17505139e+03     2.72704962e+02   
    1.73200000e+04     8.66000000e+03    -4.17485680e+03     1.77027823e-01    -4.17497559e+03     2.38506708e+02   
    1.73400000e+04     8.67000000e+03    -4.17485679e+03     2.30497786e-01    -4.17506262e+03     2.97601232e+02   
    1.73600000e+04     8.68000000e+03    -4.17485742e+03     2.51804580e-01    -4.17506421e+03     3.21149310e+02   
    1.73800000e+04     8.69000000e+03    -4.17485774e+03     3.04856725e-01    -4.17506970e+03     3.79782066e+02   
    1.74000000e+04     8.70000000e+03    -4.17485682e+03     4.25191892e-01    -4.17510620e+03     5.12775415e+02   
    1.74200000e+04     8.71000000e+03    -4.17485461e+03     3.05729297e-01    -4.17502100e+03     3.80746425e+02   
    1.74400000e+04     8.72000000e+03    -4.17485611e+03     3.01964624e-01    -4.17508752e+03     3.76585742e+02   
    1.74600000e+04     8.73000000e+03    -4.17485769e+03     3.78950420e-01    -4.17519910e+03     4.61669754e+02   
    1.74800000e+04     8.74000000e+03    -4.17485507e+03     2.57785628e-01    -4.17501270e+03     3.27759511e+02   
    1.75000000e+04     8.75000000e+03    -4.17485388e+03     1.06343942e-01    -4.17489478e+03     1.60387516e+02   
    1.75200000e+04     8.76000000e+03    -4.17485351e+03     1.64566408e-01    -4.17500134e+03     2.24734464e+02   
    1.75400000e+04     8.77000000e+03    -4.17485535e+03     2.62100220e-01    -4.17511499e+03     3.32527960e+02   
    1.75600000e+04     8.78000000e+03    -4.17485857e+03     3.46452107e-01    -4.17517053e+03     4.25752910e+02   
    1.75800000e+04     8.79000000e+03    -4.17485780e+03     2.94565363e-01    -4.17510144e+03     3.68408145e+02   
    1.76000000e+04     8.80000000e+03    -4.17485407e+03     2.08046829e-01    -4.17505042e+03     2.72788635e+02   
    1.76200000e+04     8.81000000e+03    -4.17485516e+03     1.84696178e-01    -4.17510999e+03     2.46981706e+02   
    1.76400000e+04     8.82000000e+03    -4.17485820e+03     1.91106615e-01    -4.17514270e+03     2.54066462e+02   
    1.76600000e+04     8.83000000e+03    -4.17485796e+03     3.01106728e-01    -4.17517432e+03     3.75637604e+02   
    1.76800000e+04     8.84000000e+03    -4.17485678e+03     2.19339837e-01    -4.17511169e+03     2.85269567e+02   
    1.77000000e+04     8.85000000e+03    -4.17485531e+03     1.58389265e-01    -4.17506091e+03     2.17907540e+02   
    1.77200000e+04     8.86000000e+03    -4.17485385e+03     1.59221467e-01    -4.17502185e+03     2.18827282e+02   
    1.77400000e+04     8.87000000e+03    -4.17485528e+03     1.73227296e-01    -4.17510986e+03     2.34306399e+02   
    1.77600000e+04     8.88000000e+03    -4.17485771e+03     2.05698538e-01    -4.17514551e+03     2.70193326e+02   
    1.77800000e+04     8.89000000e+03    -4.17485903e+03     3.23105060e-01    -4.17517529e+03     3.99949963e+02   
    1.78000000e+04     8.90000000e+03    -4.17485539e+03     2.20103608e-01    -4.17506763e+03     2.86113680e+02   
    1.78200000e+04     8.91000000e+03    -4.17485470e+03     1.71961379e-01    -4.17503760e+03     2.32907320e+02   
    1.78400000e+04     8.92000000e+03    -4.17485838e+03     2.10068823e-01    -4.17511096e+03     2.75023326e+02   
    1.78600000e+04     8.93000000e+03    -4.17485783e+03     2.39530626e-01    -4.17515100e+03     3.07584247e+02   
    1.78800000e+04     8.94000000e+03    -4.17485753e+03     3.23653686e-01    -4.17516455e+03     4.00556299e+02   
    1.79000000e+04     8.95000000e+03    -4.17485760e+03     2.47591509e-01    -4.17510229e+03     3.16493063e+02   
    1.79200000e+04     8.96000000e+03    -4.17485778e+03     2.88841444e-01    -4.17514124e+03     3.62082121e+02   
    1.79400000e+04     8.97000000e+03    -4.17485750e+03     2.94632361e-01    -4.17517444e+03     3.68482191e+02   
    1.79600000e+04     8.98000000e+03    -4.17485635e+03     2.30790899e-01    -4.17507275e+03     2.97925178e+02   
    1.79800000e+04     8.99000000e+03    -4.17485634e+03     2.15594425e-01    -4.17502356e+03     2.81130171e+02   
    1.80000000e+04     9.00000000e+03    -4.17485858e+03     1.83924055e-01    -4.17508765e+03     2.46128362e+02   
    1.80200000e+04     9.01000000e+03    -4.17485970e+03     2.71156853e-01    -4.17514819e+03     3.42537269e+02   
    1.80400000e+04     9.02000000e+03    -4.17485941e+03     2.19880122e-01    -4.17511328e+03     2.85866686e+02   
    1.80600000e+04     9.03000000e+03    -4.17485841e+03     1.56097620e-01    -4.17506641e+03     2.15374835e+02   
    1.80800000e+04     9.04000000e+03    -4.17485702e+03     1.68993862e-01    -4.17504846e+03     2.29627647e+02   
    1.81000000e+04     9.05000000e+03    -4.17485661e+03     2.02829979e-01    -4.17504248e+03     2.67023020e+02   
    1.81200000e+04     9.06000000e+03    -4.17485889e+03     2.63313631e-01    -4.17503259e+03     3.33869011e+02   
    1.81400000e+04     9.07000000e+03    -4.17485801e+03     3.43646896e-01    -4.17503235e+03     4.22652616e+02   
    1.81600000e+04     9.08000000e+03    -4.17485498e+03     3.39837582e-01    -4.17503345e+03     4.18442596e+02   
    1.81800000e+04     9.09000000e+03    -4.17485464e+03     1.93576943e-01    -4.17488037e+03     2.56796647e+02   
    1.82000000e+04     9.10000000e+03    -4.17485591e+03     1.93546343e-01    -4.17491638e+03     2.56762829e+02   
    1.82200000e+04     9.11000000e+03    -4.17485625e+03     2.62633026e-01    -4.17510413e+03     3.33116812e+02   
    1.82400000e+04     9.12000000e+03    -4.17485757e+03     2.89432055e-01    -4.17513611e+03     3.62734859e+02   
    1.82600000e+04     9.13000000e+03    -4.17485884e+03     2.42254056e-01    -4.17510840e+03     3.10594157e+02   
    1.82800000e+04     9.14000000e+03    -4.17485653e+03     1.75111056e-01    -4.17507300e+03     2.36388315e+02   
    1.83000000e+04     9.15000000e+03    -4.17485565e+03     1.58608505e-01    -4.17503491e+03     2.18149843e+02   
    1.83200000e+04     9.16000000e+03    -4.17485797e+03     2.12427798e-01    -4.17508630e+03     2.77630444e+02   
    1.83400000e+04     9.17000000e+03    -4.17485893e+03     2.57456932e-01    -4.17514539e+03     3.27396239e+02   
    1.83600000e+04     9.18000000e+03    -4.17485718e+03     2.57823185e-01    -4.17505664e+03     3.27801019e+02   
    1.83800000e+04     9.19000000e+03    -4.17485685e+03     1.87889152e-01    -4.17506482e+03     2.50510551e+02   
    1.84000000e+04     9.20000000e+03    -4.17485782e+03     2.95012517e-01    -4.17514905e+03     3.68902336e+02   
    1.84200000e+04     9.21000000e+03    -4.17485845e+03     2.07536063e-01    -4.17512207e+03     2.72224142e+02   
    1.84400000e+04     9.22000000e+03    -4.17485862e+03     1.77660422e-01    -4.17511243e+03     2.39205851e+02   
    1.84600000e+04     9.23000000e+03    -4.17485742e+03     9.64008322e-02    -4.17504773e+03     1.49398480e+02   
    1.84800000e+04     9.24000000e+03    -4.17485758e+03     6.15193195e-02    -4.17500110e+03     1.10847744e+02   
    1.85000000e+04     9.25000000e+03    -4.17485822e+03     1.72598297e-01    -4.17508179e+03     2.33611235e+02   
    1.85200000e+04     9.26000000e+03    -4.17485873e+03     1.78908309e-01    -4.17509509e+03     2.40585004e+02   
    1.85400000e+04     9.27000000e+03    -4.17485866e+03     1.97140755e-01    -4.17512952e+03     2.60735340e+02   
    1.85600000e+04     9.28000000e+03    -4.17485873e+03     1.98714248e-01    -4.17519836e+03     2.62474351e+02   
    1.85800000e+04     9.29000000e+03    -4.17485948e+03     2.32020090e-01    -4.17522229e+03     2.99283669e+02   
    1.86000000e+04     9.30000000e+03    -4.17485798e+03     3.02094809e-01    -4.17514294e+03     3.76729621e+02   
    1.86200000e+04     9.31000000e+03    -4.17485836e+03     3.99023267e-01    -4.17518823e+03     4.83854085e+02   
    1.86400000e+04     9.32000000e+03    -4.17485852e+03     3.55456708e-01    -4.17518274e+03     4.35704715e+02   
    1.86600000e+04     9.33000000e+03    -4.17485811e+03     2.77145779e-01    -4.17510559e+03     3.49156176e+02   
    1.86800000e+04     9.34000000e+03    -4.17485798e+03     2.88369111e-01    -4.17511768e+03     3.61560103e+02   
    1.87000000e+04     9.35000000e+03    -4.17485769e+03     1.87698506e-01    -4.17507837e+03     2.50299851e+02   
    1.87200000e+04     9.36000000e+03    -4.17485882e+03     1.90034177e-01    -4.17509802e+03     2.52881215e+02   
    1.87400000e+04     9.37000000e+03    -4.17485998e+03     2.00278299e-01    -4.17517896e+03     2.64202927e+02   
    1.87600000e+04     9.38000000e+03    -4.17485937e+03     1.43443628e-01    -4.17513806e+03     2.01389757e+02   
    1.87800000e+04     9.39000000e+03    -4.17485859e+03     1.26883553e-01    -4.17514587e+03     1.83087709e+02   
    1.88000000e+04     9.40000000e+03    -4.17485917e+03     1.42254503e-01    -4.17517603e+03     2.00075546e+02   
    1.88200000e+04     9.41000000e+03    -4.17485934e+03     1.87909895e-01    -4.17521216e+03     2.50533476e+02   
    1.88400000e+04     9.42000000e+03    -4.17485964e+03     1.80599362e-01    -4.17520056e+03     2.42453941e+02   
    1.88600000e+04     9.43000000e+03    -4.17485925e+03     2.04179781e-01    -4.17518262e+03     2.68514809e+02   
    1.88800000e+04     9.44000000e+03    -4.17485954e+03     1.65183109e-01    -4.17515967e+03     2.25416036e+02   
    1.89000000e+04     9.45000000e+03    -4.17485813e+03     1.66847965e-01    -4.17514124e+03     2.27256020e+02   
    1.89200000e+04     9.46000000e+03    -4.17485875e+03     1.75257276e-01    -4.17517493e+03     2.36549915e+02   
    1.89400000e+04     9.47000000e+03    -4.17485902e+03     2.62119544e-01    -4.17515930e+03     3.32549316e+02   
    1.89600000e+04     9.48000000e+03    -4.17485959e+03     3.10275862e-01    -4.17520056e+03     3.85771248e+02   
    1.89800000e+04     9.49000000e+03    -4.17485647e+03     2.54761849e-01    -4.17507507e+03     3.24417658e+02   
    1.90000000e+04     9.50000000e+03    -4.17485486e+03     1.95885780e-01    -4.17502014e+03     2.59348353e+02   
    1.90200000e+04     9.51000000e+03    -4.17485819e+03     2.91726208e-01    -4.17513977e+03     3.65270337e+02   
    1.90400000e+04     9.52000000e+03    -4.17486009e+03     3.51752305e-01    -4.17524854e+03     4.31610641e+02   
    1.90600000e+04     9.53000000e+03    -4.17485926e+03     2.34623204e-01    -4.17516174e+03     3.02160607e+02   
    1.90800000e+04     9.54000000e+03    -4.17485790e+03     1.80922067e-01    -4.17514551e+03     2.42810592e+02   
    1.91000000e+04     9.55000000e+03    -4.17485880e+03     2.46379763e-01    -4.17515588e+03     3.15153851e+02   
    1.91200000e+04     9.56000000e+03    -4.17485999e+03     2.59014867e-01    -4.17512805e+03     3.29118055e+02   
    1.91400000e+04     9.57000000e+03    -4.17485818e+03     2.32798639e-01    -4.17507935e+03     3.00144115e+02   
    1.91600000e+04     9.58000000e+03    -4.17485665e+03     1.39069024e-01    -4.17498865e+03     1.96554983e+02   
    1.91800000e+04     9.59000000e+03    -4.17485825e+03     2.52569246e-01    -4.17506921e+03     3.21994413e+02   
    1.92000000e+04     9.60000000e+03    -4.17485952e+03     2.64407532e-01    -4.17512329e+03     3.35077980e+02   
    1.92200000e+04     9.61000000e+03    -4.17485900e+03     1.85283013e-01    -4.17512415e+03     2.47630270e+02   
    1.92400000e+04     9.62000000e+03    -4.17485884e+03     9.78734701e-02    -4.17511108e+03     1.51026026e+02   
    1.92600000e+04     9.63000000e+03    -4.17485944e+03     1.00217685e-01    -4.17514185e+03     1.53616831e+02   
    1.92800000e+04     9.64000000e+03    -4.17485989e+03     2.07533451e-01    -4.17522009e+03     2.72221255e+02   
    1.93000000e+04     9.65000000e+03    -4.17485989e+03     2.22436530e-01    -4.17520105e+03     2.88692005e+02   
    1.93200000e+04     9.66000000e+03    -4.17485891e+03     1.24430296e-01    -4.17514807e+03     1.80376392e+02   
    1.93400000e+04     9.67000000e+03    -4.17485855e+03     1.61121192e-01    -4.17512048e+03     2.20926842e+02   
    1.93600000e+04     9.68000000e+03    -4.17485791e+03     1.60547118e-01    -4.17506604e+03     2.20292381e+02   
    1.93800000e+04     9.69000000e+03    -4.17485815e+03     1.73451263e-01    -4.17507495e+03     2.34553926e+02   
    1.94000000e+04     9.70000000e+03    -4.17485870e+03     1.73832335e-01    -4.17507788e+03     2.34975084e+02   
    1.94200000e+04     9.71000000e+03    -4.17485913e+03     1.86200114e-01    -4.17505115e+03     2.48643842e+02   
    1.94400000e+04     9.72000000e+03    -4.17485901e+03     2.41188650e-01    -4.17510217e+03     3.09416680e+02   
    1.94600000e+04     9.73000000e+03    -4.17485603e+03     2.05951169e-01    -4.17507666e+03     2.70472531e+02   
    1.94800000e+04     9.74000000e+03    -4.17485762e+03     1.90652927e-01    -4.17497681e+03     2.53565051e+02   
    1.95000000e+04     9.75000000e+03    -4.17486022e+03     2.33727142e-01    -4.17502393e+03     3.01170288e+02   
    1.95200000e+04     9.76000000e+03    -4.17485956e+03     3.65118226e-01    -4.17514783e+03     4.46382537e+02   
    1.95400000e+04     9.77000000e+03    -4.17485923e+03     2.76278656e-01    -4.17514136e+03     3.48197841e+02   
    1.95600000e+04     9.78000000e+03    -4.17485760e+03     1.49768645e-01    -4.17495996e+03     2.08380108e+02   
    1.95800000e+04     9.79000000e+03    -4.17485907e+03     2.90227874e-01    -4.17509326e+03     3.63614391e+02   
    1.96000000e+04     9.80000000e+03    -4.17486046e+03     2.54683951e-01    -4.17515735e+03     3.24331565e+02   
    1.96200000e+04     9.81000000e+03    -4.17486075e+03     2.45954769e-01    -4.17512207e+03     3.14684152e+02   
    1.96400000e+04     9.82000000e+03    -4.17486022e+03     3.68386202e-01    -4.17519080e+03     4.49994275e+02   
    1.96600000e+04     9.83000000e+03    -4.17485715e+03     2.43412487e-01    -4.17502551e+03     3.11874445e+02   
    1.96800000e+04     9.84000000e+03    -4.17485779e+03     1.99159517e-01    -4.17497888e+03     2.62966459e+02   
    1.97000000e+04     9.85000000e+03    -4.17486044e+03     3.64095159e-01    -4.17510059e+03     4.45251854e+02   
    1.97200000e+04     9.86000000e+03    -4.17485993e+03     3.63716590e-01    -4.17514062e+03     4.44833462e+02   
    1.97400000e+04     9.87000000e+03    -4.17485840e+03     2.34208802e-01    -4.17504895e+03     3.01702614e+02   
    1.97600000e+04     9.88000000e+03    -4.17485905e+03     2.02533040e-01    -4.17504541e+03     2.66694846e+02   
    1.97800000e+04     9.89000000e+03    -4.17486019e+03     2.63484271e-01    -4.17513867e+03     3.34057600e+02   
    1.98000000e+04     9.90000000e+03    -4.17486068e+03     2.55669570e-01    -4.17507678e+03     3.25420863e+02   
    1.98200000e+04     9.91000000e+03    -4.17486023e+03     3.65621282e-01    -4.17511072e+03     4.46938510e+02   
    1.98400000e+04     9.92000000e+03    -4.17485846e+03     2.94222377e-01    -4.17512134e+03     3.68029080e+02   
    1.98600000e+04     9.93000000e+03    -4.17485906e+03     3.27073446e-01    -4.17513269e+03     4.04335788e+02   
    1.98800000e+04     9.94000000e+03    -4.17486087e+03     3.21319697e-01    -4.17517920e+03     3.97976795e+02   
    1.99000000e+04     9.95000000e+03    -4.17486091e+03     2.85457475e-01    -4.17515601e+03     3.58342189e+02   
    1.99200000e+04     9.96000000e+03    -4.17486096e+03     1.49692965e-01    -4.17518872e+03     2.08296467e+02   
    1.99400000e+04     9.97000000e+03    -4.17486113e+03     1.72076535e-01    -4.17520007e+03     2.33034589e+02   
    1.99600000e+04     9.98000000e+03    -4.17486089e+03     1.46995466e-01    -4.17521716e+03     2.05315216e+02   
    1.99800000e+04     9.99000000e+03    -4.17486075e+03     8.40809184e-02    -4.17518225e+03     1.35782621e+02   
    2.00000000e+04     1.00000000e+04    -4.17486126e+03     1.42415490e-01    -4.17518665e+03     2.00253467e+02   
